strong,chapter
G0011,burnet_1
G0018,burnet_5
G0025,burnet_19
G0026,burnet_3
G0027,burnet_5
G0032,burnet_2
G0037,burnet_15
G0040,burnet_5
G0059,burnet_14
G0068,burnet_17
G0071,burnet_2
G0079,burnet_3
G0080,burnet_2
G0091,burnet_18
G0093,burnet_18
G0125,burnet_8
G0129,burnet_12
G0142,burnet_11
G0154,burnet_6
G0165,burnet_12
G0166,burnet_5
G0169,burnet_18
G0189,burnet_16
G0190,burnet_7
G0191,burnet_2
G0225,burnet_10
G0227,burnet_13
G0228,burnet_10
G0230,burnet_20
G0235,burnet_5
G0240,burnet_9
G0243,burnet_9
G0264,burnet_11
G0266,burnet_3
G0268,burnet_14
G0281,burnet_1
G0290,burnet_14
G0302,burnet_17
G0305,burnet_11
G0308,burnet_4
G0314,burnet_11
G0321,burnet_7
G0337,burnet_17
G0386,burnet_13
G0417,burnet_17
G0435,burnet_12
G0444,burnet_2
G0450,burnet_19
G0455,burnet_6
G0473,burnet_4
G0514,burnet_18
G0518,burnet_11
G0537,burnet_13
G0565,burnet_8
G0571,burnet_18
G0575,burnet_4
G0591,burnet_19
G0599,burnet_11
G0601,burnet_6
G0611,burnet_15
G0615,burnet_11
G0622,burnet_19
G0630,burnet_4
G0649,burnet_11
G0652,burnet_7
G0681,burnet_8
G0686,burnet_9
G0720,burnet_8
G0721,burnet_9
G0737,burnet_6
G0740,burnet_2
G0746,burnet_3
G0749,burnet_13
G0757,burnet_8
G0758,burnet_12
G0769,burnet_16
G0770,burnet_15
G0772,burnet_13
G0782,burnet_8
G0792,burnet_12
G0837,burnet_18
G0846,burnet_3
G0863,burnet_19
G0891,burnet_17
G0906,burnet_2
G0907,burnet_6
G0921,burnet_8
G0932,burnet_3
G0935,burnet_13
G0941,burnet_15
G0975,burnet_3
G0987,burnet_14
G0991,burnet_2
G1014,burnet_15
G1056,burnet_5
G1060,burnet_15
G1063,burnet_9
G1065,burnet_9
G1074,burnet_17
G1080,burnet_19
G1093,burnet_3
G1096,burnet_11
G1097,burnet_11
G1100,burnet_17
G1107,burnet_15
G1108,burnet_13
G1122,burnet_13
G1124,burnet_17
G1125,burnet_6
G1135,burnet_12
G1138,burnet_1
G1140,burnet_3
G1161,burnet_9
G1163,burnet_7
G1166,burnet_19
G1176,burnet_16
G1186,burnet_9
G1188,burnet_18
G1208,burnet_16
G1209,burnet_8
G1210,burnet_7
G1223,burnet_4
G1228,burnet_15
G1242,burnet_17
G1247,burnet_14
G1248,burnet_17
G1249,burnet_17
G1260,burnet_14
G1320,burnet_14
G1321,burnet_2
G1322,burnet_16
G1325,burnet_19
G1330,burnet_8
G1342,burnet_5
G1343,burnet_7
G1344,burnet_19
G1352,burnet_9
G1360,burnet_9
G1372,burnet_19
G1377,burnet_6
G1380,burnet_7
G1391,burnet_3
G1392,burnet_6
G1398,burnet_15
G1401,burnet_2
G1410,burnet_18
G1411,burnet_13
G1415,burnet_18
G1417,burnet_6
G1427,burnet_16
G1437,burnet_17
G1438,burnet_9
G1448,burnet_10
G1451,burnet_10
G1453,burnet_11
G1473,burnet_9
G1484,burnet_13
G1487,burnet_5
G1492,burnet_18
G1504,burnet_14
G1510,burnet_5
G1515,burnet_5
G1519,burnet_4
G1520,burnet_13
G1525,burnet_8
G1535,burnet_9
G1537,burnet_4
G1538,burnet_5
G1540,burnet_16
G1544,burnet_4
G1563,burnet_10
G1564,burnet_10
G1565,burnet_9
G1577,burnet_3
G1607,burnet_15
G1632,burnet_15
G1646,burnet_20
G1653,burnet_7
G1656,burnet_13
G1658,burnet_18
G1672,burnet_14
G1679,burnet_14
G1680,burnet_12
G1683,burnet_9
G1699,burnet_9
G1700,burnet_9
G1715,burnet_10
G1722,burnet_4
G1746,burnet_15
G1752,burnet_10
G1767,burnet_16
G1785,burnet_7
G1799,burnet_4
G1803,burnet_16
G1831,burnet_8
G1832,burnet_7
G1849,burnet_7
G1854,burnet_4
G1859,burnet_16
G1860,burnet_17
G1893,burnet_9
G1905,burnet_19
G1909,burnet_4
G1921,burnet_11
G1939,burnet_17
G1941,burnet_4
G1992,burnet_16
G1994,burnet_15
G2007,burnet_19
G2008,burnet_19
G2033,burnet_16
G2038,burnet_8
G2041,burnet_3
G2048,burnet_8
G2064,burnet_8
G2065,burnet_19
G2068,burnet_11
G2078,burnet_18
G2087,burnet_5
G2089,burnet_6
G2090,burnet_14
G2094,burnet_13
G2095,burnet_20
G2097,burnet_8
G2098,burnet_3
G2117,burnet_10
G2127,burnet_6
G2147,burnet_11
G2168,burnet_6
G2190,burnet_17
G2192,burnet_2
G2193,burnet_4
G2198,burnet_19
G2212,burnet_2
G2222,burnet_3
G2226,burnet_20
G2228,burnet_5
G2233,burnet_10
G2235,burnet_6
G2240,burnet_15
G2243,burnet_8
G2246,burnet_17
G2250,burnet_3
G2264,burnet_8
G2281,burnet_3
G2288,burnet_7
G2296,burnet_10
G2300,burnet_20
G2307,burnet_12
G2309,burnet_7
G2316,burnet_2
G2323,burnet_10
G2334,burnet_7
G2342,burnet_7
G2344,burnet_5
G2347,burnet_13
G2362,burnet_14
G2364,burnet_12
G2374,burnet_17
G2378,burnet_16
G2379,burnet_20
G2384,burnet_1
G2385,burnet_14
G2390,burnet_19
G2398,burnet_5
G2400,burnet_11
G2409,burnet_13
G2411,burnet_3
G2414,burnet_5
G2419,burnet_1
G2424,burnet_3
G2425,burnet_18
G2440,burnet_7
G2443,burnet_17
G2449,burnet_17
G2453,burnet_5
G2455,burnet_8
G2474,burnet_1
G2476,burnet_19
G2478,burnet_18
G2480,burnet_15
G2491,burnet_8
G2501,burnet_1
G2511,burnet_18
G2513,burnet_18
G2518,burnet_10
G2521,burnet_18
G2523,burnet_18
G2531,burnet_10
G2532,burnet_1
G2537,burnet_5
G2540,burnet_5
G2541,burnet_14
G2556,burnet_5
G2564,burnet_2
G2570,burnet_5
G2573,burnet_10
G2588,burnet_3
G2590,burnet_15
G2596,burnet_4
G2597,burnet_11
G2641,burnet_11
G2673,burnet_7
G2723,burnet_17
G2730,burnet_4
G2744,burnet_20
G2749,burnet_18
G2753,burnet_15
G2776,burnet_5
G2784,burnet_6
G2799,burnet_15
G2842,burnet_5
G2872,burnet_19
G2889,burnet_2
G2896,burnet_6
G2902,burnet_14
G2908,burnet_20
G2917,burnet_14
G2919,burnet_11
G2920,burnet_13
G2962,burnet_2
G2967,burnet_15
G2968,burnet_16
G2974,burnet_6
G2980,burnet_2
G2983,burnet_2
G2992,burnet_2
G3004,burnet_2
G3022,burnet_18
G3037,burnet_14
G3049,burnet_8
G3056,burnet_2
G3062,burnet_18
G3076,burnet_15
G3089,burnet_2
G3101,burnet_8
G3107,burnet_5
G3122,burnet_20
G3123,burnet_20
G3129,burnet_11
G3137,burnet_3
G3140,burnet_7
G3141,burnet_17
G3144,burnet_18
G3162,burnet_16
G3173,burnet_5
G3187,burnet_12
G3195,burnet_7
G3196,burnet_13
G3303,burnet_9
G3306,burnet_11
G3313,burnet_13
G3319,burnet_18
G3326,burnet_4
G3340,burnet_7
G3361,burnet_7
G3366,burnet_7
G3367,burnet_13
G3371,burnet_7
G3379,burnet_9
G3383,burnet_7
G3384,burnet_12
G3398,burnet_20
G3403,burnet_20
G3404,burnet_14
G3408,burnet_18
G3419,burnet_7
G3441,burnet_5
G3466,burnet_9
G3475,burnet_13
G3483,burnet_10
G3485,burnet_15
G3498,burnet_5
G3501,burnet_18
G3507,burnet_16
G3528,burnet_19
G3538,burnet_20
G3551,burnet_2
G3563,burnet_13
G3568,burnet_6
G3571,burnet_12
G3588,burnet_2
G3598,burnet_8
G3614,burnet_3
G3618,burnet_6
G3624,burnet_2
G3631,burnet_17
G3638,burnet_16
G3641,burnet_18
G3650,burnet_9
G3660,burnet_15
G3664,burnet_10
G3668,burnet_10
G3670,burnet_17
G3686,burnet_12
G3694,burnet_7
G3699,burnet_10
G3704,burnet_17
G3708,burnet_11
G3709,burnet_17
G3735,burnet_13
G3739,burnet_10
G3745,burnet_5
G3748,burnet_12
G3752,burnet_17
G3753,burnet_6
G3754,burnet_10
G3756,burnet_4
G3757,burnet_10
G3759,burnet_16
G3761,burnet_10
G3762,burnet_13
G3765,burnet_6
G3767,burnet_9
G3768,burnet_6
G3772,burnet_2
G3775,burnet_14
G3777,burnet_10
G3778,burnet_9
G3779,burnet_10
G3780,burnet_10
G3784,burnet_11
G3788,burnet_7
G3793,burnet_2
G3813,burnet_14
G3816,burnet_14
G3825,burnet_6
G3842,burnet_6
G3844,burnet_4
G3850,burnet_7
G3853,burnet_11
G3854,burnet_11
G3860,burnet_19
G3870,burnet_4
G3874,burnet_13
G3880,burnet_4
G3918,burnet_18
G3928,burnet_8
G3936,burnet_19
G3952,burnet_16
G3954,burnet_7
G3956,burnet_13
G3957,burnet_14
G3958,burnet_11
G3962,burnet_12
G3972,burnet_3
G3982,burnet_6
G3983,burnet_19
G3985,burnet_14
G3992,burnet_6
G4002,burnet_16
G4008,burnet_10
G4012,burnet_4
G4043,burnet_4
G4052,burnet_15
G4061,burnet_16
G4074,burnet_3
G4091,burnet_10
G4095,burnet_11
G4098,burnet_11
G4100,burnet_3
G4102,burnet_13
G4103,burnet_5
G4105,burnet_19
G4119,burnet_12
G4128,burnet_13
G4130,burnet_19
G4133,burnet_10
G4137,burnet_19
G4143,burnet_3
G4145,burnet_18
G4151,burnet_12
G4152,burnet_18
G4159,burnet_10
G4160,burnet_2
G4166,burnet_20
G4169,burnet_9
G4172,burnet_13
G4183,burnet_5
G4190,burnet_5
G4202,burnet_16
G4214,burnet_9
G4218,burnet_6
G4221,burnet_9
G4226,burnet_4
G4228,burnet_12
G4238,burnet_14
G4245,burnet_14
G4253,burnet_4
G4263,burnet_7
G4314,burnet_4
G4334,burnet_8
G4335,burnet_16
G4336,burnet_8
G4337,burnet_6
G4341,burnet_8
G4352,burnet_4
G4374,burnet_11
G4383,burnet_3
G4395,burnet_14
G4396,burnet_8
G4413,burnet_16
G4442,burnet_12
G4459,burnet_4
G4461,burnet_1
G4487,burnet_12
G4506,burnet_8
G4521,burnet_3
G4561,burnet_12
G4567,burnet_8
G4572,burnet_9
G4592,burnet_3
G4594,burnet_6
G4613,burnet_12
G4624,burnet_14
G4632,burnet_13
G4655,burnet_13
G4674,burnet_9
G4678,burnet_17
G4687,burnet_11
G4690,burnet_14
G4716,burnet_18
G4717,burnet_19
G4750,burnet_12
G4757,burnet_8
G4771,burnet_9
G4862,burnet_4
G4863,burnet_4
G4864,burnet_5
G4893,burnet_13
G4905,burnet_8
G4920,burnet_19
G4982,burnet_6
G4983,burnet_12
G4990,burnet_12
G4991,burnet_17
G5037,burnet_9
G5043,burnet_3
G5048,burnet_19
G5055,burnet_15
G5056,burnet_13
G5064,burnet_16
G5083,burnet_2
G5087,burnet_19
G5091,burnet_19
G5092,burnet_17
G5095,burnet_6
G5100,burnet_12
G5101,burnet_12
G5108,burnet_9
G5117,burnet_6
G5119,burnet_6
G5140,burnet_16
G5154,burnet_16
G5185,burnet_5
G5204,burnet_12
G5207,burnet_2
G5217,burnet_4
G5225,burnet_6
G5228,burnet_4
G5257,burnet_8
G5259,burnet_4
G5281,burnet_16
G5290,burnet_15
G5293,burnet_14
G5316,burnet_15
G5319,burnet_19
G5330,burnet_7
G5342,burnet_11
G5343,burnet_11
G5346,burnet_19
G5368,burnet_2
G5376,burnet_15
G5384,burnet_18
G5399,burnet_15
G5401,burnet_15
G5426,burnet_15
G5438,burnet_17
G5442,burnet_14
G5443,burnet_16
G5455,burnet_14
G5456,burnet_3
G5457,burnet_12
G5463,burnet_11
G5479,burnet_7
G5483,burnet_14
G5485,burnet_12
G5495,burnet_12
G5501,burnet_20
G5503,burnet_16
G5507,burnet_16
G5532,burnet_17
G5547,burnet_2
G5550,burnet_15
G5560,burnet_5
G5561,burnet_16
G5565,burnet_10
G5590,burnet_3
G5602,burnet_10
G5610,burnet_3
G5613,burnet_5
G5618,burnet_12
G5620,burnet_18
G6000,burnet_11
H0001,pegon_15
H0006,pegon_35
H0014,pegon_35
H0026,pegon_32
H0040,pegon_15
H0053,pegon_23
H0056,pegon_32
H0068,pegon_6
H0072,pegon_45
H0074,pegon_17
H0085,pegon_7
H0117,pegon_6
H0120,pegon_20
H0121,pegon_11
H0123,pegon_11
H0127,pegon_11
H0134,pegon_39
H0136,pegon_21
H0138,pegon_35
H0157,pegon_24
H0168,pegon_19
H0175,pegon_14
H0176,pegon_27
H0194,pegon_42
H0215,pegon_38
H0216,pegon_23
H0226,pegon_39
H0238,pegon_38
H0241,pegon_6
H0249,pegon_43
H0251,pegon_27
H0259,pegon_27
H0269,pegon_6
H0302,pegon_23
H0309,pegon_34
H0310,pegon_27
H0311,pegon_18
H0312,pegon_18
H0314,pegon_24
H0325,pegon_28
H0335,pegon_18
H0340,pegon_31
H0341,pegon_31
H0347,pegon_27
H0349,pegon_27
H0369,pegon_11
H0370,pegon_27
H0375,pegon_8
H0376,pegon_6
H0378,pegon_22
H0389,pegon_22
H0398,pegon_8
H0402,pegon_41
H0410,pegon_9
H0413,pegon_12
H0428,pegon_9
H0429,pegon_9
H0430,pegon_9
H0452,pegon_36
H0471,pegon_28
H0477,pegon_43
H0505,pegon_20
H0506,pegon_20
H0511,pegon_20
H0517,pegon_40
H0518,pegon_26
H0530,pegon_28
H0539,pegon_9
H0548,pegon_10
H0559,pegon_10
H0561,pegon_29
H0565,pegon_38
H0567,pegon_44
H0571,pegon_6
H0575,pegon_43
H0587,pegon_8
H0589,pegon_7
H0591,pegon_7
H0595,pegon_7
H0622,pegon_40
H0644,pegon_35
H0657,pegon_48
H0665,pegon_38
H0667,pegon_44
H0669,pegon_40
H0673,pegon_19
H0681,pegon_18
H0702,pegon_20
H0705,pegon_20
H0706,pegon_20
H0727,pegon_9
H0730,pegon_29
H0776,pegon_6
H0779,pegon_41
H0784,pegon_6
H0795,pegon_45
H0802,pegon_6
H0804,pegon_27
H0834,pegon_12
H0853,pegon_12
H0854,pegon_10
H0859,pegon_8
H0860,pegon_36
H0884,pegon_38
H0894,pegon_22
H0905,pegon_43
H0914,pegon_28
H0919,pegon_14
H0935,pegon_40
H0954,pegon_38
H0962,pegon_48
H0970,pegon_19
H0977,pegon_18
H0982,pegon_23
H0995,pegon_42
H0996,pegon_18
H1004,pegon_6
H1035,pegon_11
H1058,pegon_22
H1065,pegon_26
H1067,pegon_46
H1107,pegon_18
H1109,pegon_46
H1111,pegon_46
H1115,pegon_18
H1121,pegon_7
H1129,pegon_15
H1144,pegon_34
H1151,pegon_46
H1157,pegon_18
H1238,pegon_48
H1241,pegon_19
H1242,pegon_34
H1245,pegon_20
H1272,pegon_39
H1277,pegon_20
H1280,pegon_39
H1285,pegon_6
H1288,pegon_32
H1305,pegon_48
H1308,pegon_33
H1320,pegon_39
H1323,pegon_6
H1328,pegon_12
H1350,pegon_32
H1361,pegon_26
H1363,pegon_29
H1366,pegon_27
H1368,pegon_29
H1389,pegon_30
H1410,pegon_24
H1419,pegon_6
H1431,pegon_14
H1460,pegon_40
H1471,pegon_7
H1481,pegon_38
H1523,pegon_26
H1540,pegon_41
H1558,pegon_18
H1568,pegon_30
H1571,pegon_11
H1581,pegon_31
H1588,pegon_30
H1589,pegon_26
H1616,pegon_40
H1630,pegon_34
H1653,pegon_42
H1660,pegon_40
H1683,pegon_12
H1696,pegon_18
H1697,pegon_11
H1706,pegon_7
H1712,pegon_45
H1730,pegon_36
H1732,pegon_7
H1755,pegon_43
H1767,pegon_18
H1792,pegon_30
H1800,pegon_11
H1809,pegon_47
H1817,pegon_6
H1818,pegon_17
H1835,pegon_7
H1840,pegon_19
H1847,pegon_29
H1867,pegon_28
H1869,pegon_37
H1870,pegon_12
H1875,pegon_23
H1893,pegon_27
H1931,pegon_8
H1961,pegon_19
H1964,pegon_9
H1980,pegon_15
H1984,pegon_32
H1992,pegon_8
H2007,pegon_8
H2009,pegon_13
H2015,pegon_34
H2018,pegon_34
H2022,pegon_9
H2026,pegon_17
H2029,pegon_41
H2040,pegon_43
H2060,pegon_42
H2076,pegon_34
H2077,pegon_29
H2088,pegon_9
H2091,pegon_46
H2107,pegon_44
H2132,pegon_6
H2142,pegon_21
H2145,pegon_6
H2197,pegon_29
H2201,pegon_26
H2204,pegon_33
H2205,pegon_19
H2210,pegon_24
H2213,pegon_40
H2220,pegon_48
H2233,pegon_19
H2244,pegon_30
H2275,pegon_20
H2282,pegon_47
H2287,pegon_47
H2294,pegon_35
H2319,pegon_9
H2320,pegon_9
H2346,pegon_6
H2372,pegon_24
H2388,pegon_33
H2389,pegon_41
H2392,pegon_29
H2396,pegon_29
H2398,pegon_35
H2403,pegon_48
H2416,pegon_30
H2421,pegon_41
H2428,pegon_11
H2444,pegon_30
H2450,pegon_9
H2451,pegon_22
H2459,pegon_47
H2461,pegon_7
H2472,pegon_14
H2490,pegon_14
H2491,pegon_31
H2492,pegon_42
H2506,pegon_29
H2518,pegon_40
H2526,pegon_46
H2530,pegon_7
H2543,pegon_31
H2549,pegon_24
H2568,pegon_20
H2571,pegon_48
H2572,pegon_20
H2580,pegon_29
H2603,pegon_47
H2617,pegon_7
H2637,pegon_33
H2654,pegon_33
H2660,pegon_31
H2691,pegon_31
H2706,pegon_21
H2708,pegon_21
H2713,pegon_33
H2714,pegon_29
H2719,pegon_17
H2771,pegon_21
H2793,pegon_30
H2805,pegon_29
H2809,pegon_44
H2820,pegon_38
H2834,pegon_48
H2837,pegon_29
H2859,pegon_40
H2876,pegon_43
H2895,pegon_38
H2896,pegon_6
H2898,pegon_47
H2914,pegon_48
H2930,pegon_48
H2931,pegon_48
H2938,pegon_38
H2974,pegon_44
H3001,pegon_42
H3003,pegon_30
H3025,pegon_44
H3027,pegon_6
H3034,pegon_43
H3045,pegon_11
H3063,pegon_7
H3068,pegon_8
H3091,pegon_30
H3097,pegon_22
H3117,pegon_7
H3126,pegon_28
H3130,pegon_14
H3147,pegon_12
H3161,pegon_43
H3162,pegon_30
H3173,pegon_6
H3176,pegon_23
H3189,pegon_28
H3190,pegon_42
H3198,pegon_43
H3201,pegon_44
H3205,pegon_12
H3206,pegon_7
H3213,pegon_42
H3220,pegon_27
H3225,pegon_30
H3231,pegon_42
H3243,pegon_42
H3289,pegon_44
H3290,pegon_15
H3315,pegon_46
H3318,pegon_11
H3320,pegon_45
H3322,pegon_45
H3327,pegon_7
H3331,pegon_45
H3332,pegon_45
H3335,pegon_45
H3341,pegon_45
H3364,pegon_42
H3368,pegon_19
H3369,pegon_44
H3372,pegon_44
H3379,pegon_39
H3381,pegon_27
H3383,pegon_27
H3389,pegon_6
H3414,pegon_11
H3423,pegon_44
H3426,pegon_18
H3427,pegon_9
H3444,pegon_48
H3448,pegon_12
H3452,pegon_30
H3458,pegon_7
H3459,pegon_43
H3462,pegon_44
H3474,pegon_42
H3477,pegon_6
H3478,pegon_8
H3485,pegon_34
H3498,pegon_43
H3515,pegon_48
H3519,pegon_10
H3532,pegon_7
H3533,pegon_28
H3541,pegon_18
H3548,pegon_7
H3553,pegon_40
H3559,pegon_38
H3588,pegon_8
H3603,pegon_34
H3605,pegon_13
H3627,pegon_27
H3644,pegon_18
H3651,pegon_26
H3667,pegon_20
H3669,pegon_44
H3678,pegon_11
H3701,pegon_37
H3709,pegon_37
H3721,pegon_24
H3722,pegon_25
H3742,pegon_6
H3754,pegon_7
H3772,pegon_10
H3778,pegon_28
H3789,pegon_8
H3808,pegon_10
H3820,pegon_18
H3837,pegon_21
H3871,pegon_21
H3876,pegon_19
H3878,pegon_15
H3885,pegon_43
H3898,pegon_16
H3899,pegon_7
H3915,pegon_6
H3923,pegon_27
H3925,pegon_8
H3943,pegon_38
H3947,pegon_37
H3966,pegon_9
H3967,pegon_20
H3978,pegon_41
H3988,pegon_22
H4057,pegon_26
H4058,pegon_31
H4069,pegon_27
H4074,pegon_28
H4100,pegon_27
H4116,pegon_34
H4124,pegon_38
H4138,pegon_42
H4150,pegon_28
H4170,pegon_27
H4191,pegon_38
H4194,pegon_10
H4196,pegon_11
H4217,pegon_27
H4279,pegon_37
H4294,pegon_16
H4310,pegon_8
H4325,pegon_6
H4341,pegon_42
H4376,pegon_26
H4390,pegon_35
H4393,pegon_34
H4397,pegon_16
H4399,pegon_28
H4410,pegon_36
H4422,pegon_37
H4427,pegon_18
H4428,pegon_7
H4435,pegon_12
H4438,pegon_28
H4467,pegon_46
H4475,pegon_27
H4480,pegon_11
H4503,pegon_15
H4519,pegon_40
H4522,pegon_40
H4549,pegon_48
H4592,pegon_38
H4616,pegon_18
H4631,pegon_43
H4639,pegon_15
H4672,pegon_20
H4679,pegon_30
H4687,pegon_12
H4696,pegon_41
H4709,pegon_21
H4713,pegon_43
H4714,pegon_15
H4725,pegon_15
H4743,pegon_48
H4872,pegon_9
H4886,pegon_13
H4899,pegon_43
H4908,pegon_39
H4940,pegon_27
H4941,pegon_6
H4970,pegon_27
H4994,pegon_23
H5002,pegon_25
H5030,pegon_17
H5045,pegon_27
H5046,pegon_36
H5048,pegon_18
H5057,pegon_45
H5060,pegon_36
H5066,pegon_36
H5104,pegon_22
H5146,pegon_8
H5152,pegon_12
H5158,pegon_33
H5159,pegon_45
H5162,pegon_34
H5168,pegon_8
H5175,pegon_35
H5203,pegon_36
H5216,pegon_6
H5224,pegon_28
H5227,pegon_18
H5233,pegon_10
H5288,pegon_29
H5291,pegon_42
H5307,pegon_24
H5315,pegon_6
H5321,pegon_7
H5337,pegon_36
H5347,pegon_6
H5375,pegon_36
H5401,pegon_45
H5404,pegon_47
H5414,pegon_18
H5416,pegon_24
H5437,pegon_47
H5439,pegon_18
H5467,pegon_29
H5483,pegon_17
H5493,pegon_48
H5511,pegon_44
H5514,pegon_45
H5521,pegon_43
H5530,pegon_27
H5546,pegon_36
H5564,pegon_24
H5576,pegon_27
H5592,pegon_40
H5608,pegon_14
H5612,pegon_8
H5631,pegon_43
H5641,pegon_30
H5647,pegon_40
H5650,pegon_19
H5656,pegon_48
H5662,pegon_28
H5668,pegon_18
H5674,pegon_13
H5676,pegon_27
H5695,pegon_25
H5704,pegon_11
H5707,pegon_40
H5712,pegon_24
H5750,pegon_16
H5768,pegon_28
H5769,pegon_19
H5771,pegon_25
H5775,pegon_28
H5785,pegon_6
H5795,pegon_40
H5800,pegon_43
H5803,pegon_20
H5826,pegon_24
H5850,pegon_46
H5857,pegon_24
H5869,pegon_7
H5892,pegon_6
H5909,pegon_48
H5921,pegon_8
H5923,pegon_40
H5927,pegon_13
H5930,pegon_40
H5970,pegon_34
H5971,pegon_6
H5973,pegon_19
H5975,pegon_9
H5982,pegon_38
H6002,pegon_22
H6010,pegon_29
H6030,pegon_17
H6035,pegon_9
H6051,pegon_7
H6076,pegon_48
H6083,pegon_27
H6086,pegon_6
H6106,pegon_46
H6153,pegon_42
H6158,pegon_42
H6160,pegon_17
H6212,pegon_42
H6213,pegon_15
H6215,pegon_25
H6223,pegon_19
H6224,pegon_24
H6235,pegon_20
H6239,pegon_10
H6242,pegon_20
H6256,pegon_6
H6258,pegon_23
H6296,pegon_33
H6299,pegon_18
H6307,pegon_6
H6310,pegon_30
H6311,pegon_8
H6318,pegon_43
H6341,pegon_40
H6343,pegon_29
H6369,pegon_35
H6378,pegon_45
H6430,pegon_38
H6437,pegon_27
H6439,pegon_15
H6440,pegon_18
H6458,pegon_45
H6459,pegon_29
H6485,pegon_41
H6499,pegon_7
H6505,pegon_31
H6529,pegon_35
H6547,pegon_14
H6555,pegon_27
H6588,pegon_48
H6595,pegon_40
H6597,pegon_42
H6629,pegon_19
H6635,pegon_13
H6654,pegon_40
H6662,pegon_7
H6663,pegon_30
H6664,pegon_29
H6666,pegon_7
H6667,pegon_32
H6680,pegon_41
H6697,pegon_45
H6726,pegon_11
H6743,pegon_34
H6754,pegon_48
H6810,pegon_46
H6817,pegon_34
H6828,pegon_6
H6875,pegon_42
H6895,pegon_47
H6908,pegon_27
H6912,pegon_32
H6918,pegon_8
H6924,pegon_27
H6939,pegon_43
H6942,pegon_14
H6944,pegon_23
H6950,pegon_28
H6951,pegon_23
H6963,pegon_6
H6965,pegon_15
H6996,pegon_31
H7014,pegon_27
H7023,pegon_6
H7043,pegon_47
H7065,pegon_43
H7069,pegon_23
H7070,pegon_20
H7093,pegon_42
H7097,pegon_38
H7121,pegon_15
H7126,pegon_28
H7138,pegon_9
H7175,pegon_39
H7185,pegon_48
H7186,pegon_41
H7200,pegon_15
H7218,pegon_16
H7223,pegon_24
H7227,pegon_44
H7233,pegon_20
H7235,pegon_19
H7239,pegon_20
H7243,pegon_24
H7259,pegon_25
H7272,pegon_6
H7275,pegon_24
H7291,pegon_23
H7307,pegon_18
H7311,pegon_39
H7321,pegon_40
H7327,pegon_8
H7354,pegon_33
H7355,pegon_47
H7420,pegon_29
H7442,pegon_47
H7445,pegon_40
H7451,pegon_32
H7458,pegon_41
H7481,pegon_34
H7489,pegon_47
H7495,pegon_42
H7522,pegon_40
H7549,pegon_39
H7563,pegon_48
H7574,pegon_44
H7585,pegon_10
H7586,pegon_7
H7592,pegon_10
H7600,pegon_38
H7611,pegon_28
H7617,pegon_41
H7626,pegon_20
H7637,pegon_24
H7641,pegon_20
H7646,pegon_28
H7650,pegon_30
H7651,pegon_20
H7657,pegon_20
H7659,pegon_20
H7665,pegon_42
H7676,pegon_14
H7703,pegon_47
H7704,pegon_7
H7725,pegon_15
H7760,pegon_15
H7775,pegon_17
H7782,pegon_22
H7797,pegon_26
H7843,pegon_34
H7854,pegon_27
H7887,pegon_28
H7891,pegon_38
H7895,pegon_39
H7901,pegon_44
H7911,pegon_44
H7925,pegon_47
H7931,pegon_11
H7937,pegon_44
H7965,pegon_7
H7969,pegon_20
H7970,pegon_20
H7971,pegon_12
H7979,pegon_6
H7992,pegon_24
H7999,pegon_25
H8010,pegon_11
H8033,pegon_11
H8034,pegon_6
H8035,pegon_46
H8040,pegon_38
H8050,pegon_7
H8052,pegon_36
H8055,pegon_23
H8056,pegon_47
H8057,pegon_40
H8064,pegon_13
H8066,pegon_24
H8081,pegon_35
H8083,pegon_20
H8084,pegon_20
H8085,pegon_12
H8095,pegon_34
H8096,pegon_43
H8104,pegon_31
H8111,pegon_7
H8123,pegon_38
H8130,pegon_35
H8141,pegon_6
H8145,pegon_24
H8147,pegon_20
H8193,pegon_20
H8199,pegon_31
H8210,pegon_17
H8227,pegon_31
H8267,pegon_14
H8269,pegon_31
H8313,pegon_29
H8337,pegon_20
H8346,pegon_20
H8353,pegon_24
H8354,pegon_21
H8392,pegon_46
H8393,pegon_47
H8401,pegon_18
H8432,pegon_28
H8449,pegon_26
H8451,pegon_6
H8478,pegon_9
H8552,pegon_47
H8605,pegon_40
H8628,pegon_38
H8641,pegon_40
H8646,pegon_46
H8671,pegon_24
H8672,pegon_20
H8673,pegon_20
