,bhsa2021_word_n,book,chapter,verse,orig,lex,strong,freq
304117,304118,Aggée,1,1,בִּ,בְּ,H9003,15542
304118,304119,Aggée,1,1,שְׁנַ֤ת ,שָׁנָה,H8141,876
304119,304120,Aggée,1,1,שְׁתַּ֨יִם֙ ,שְׁנַיִם,H8147,768
304120,304121,Aggée,1,1,לְ,לְ,H9005,20069
304121,304122,Aggée,1,1,דָרְיָ֣וֶשׁ ,דָּרְיָוֶשׁ,H1867,10
304122,304123,Aggée,1,1,הַ,הַ,H9009,30386
304123,304124,Aggée,1,1,מֶּ֔לֶךְ ,מֶלֶךְ,H4428,2523
304124,304125,Aggée,1,1,בַּ,בְּ,H9003,15542
304125,304126,Aggée,1,1,,הַ,H9009,30386
304126,304127,Aggée,1,1,חֹ֨דֶשׁ֙ ,חֹדֶשׁ,H2320,284
304127,304128,Aggée,1,1,הַ,הַ,H9009,30386
304128,304129,Aggée,1,1,שִּׁשִּׁ֔י ,שִׁשִּׁי,H8345,28
304129,304130,Aggée,1,1,בְּ,בְּ,H9003,15542
304130,304131,Aggée,1,1,יֹ֥ום ,יֹום,H3117,2304
304131,304132,Aggée,1,1,אֶחָ֖ד ,אֶחָד,H259,970
304132,304133,Aggée,1,1,לַ,לְ,H9005,20069
304133,304134,Aggée,1,1,,הַ,H9009,30386
304134,304135,Aggée,1,1,חֹ֑דֶשׁ ,חֹדֶשׁ,H2320,284
304135,304136,Aggée,1,1,הָיָ֨ה ,היה,H1961,3561
304136,304137,Aggée,1,1,דְבַר־,דָּבָר,H1697,1441
304137,304138,Aggée,1,1,יְהוָ֜ה ,יְהוָה,H3068,6828
304138,304139,Aggée,1,1,בְּ,בְּ,H9003,15542
304139,304140,Aggée,1,1,יַד־,יָד,H3027,1618
304140,304141,Aggée,1,1,חַגַּ֣י ,חַגַּי,H2292,9
304141,304142,Aggée,1,1,הַ,הַ,H9009,30386
304142,304143,Aggée,1,1,נָּבִ֗יא ,נָבִיא,H5030,315
304143,304144,Aggée,1,1,אֶל־,אֶל,H413,5517
304144,304145,Aggée,1,1,זְרֻבָּבֶ֤ל ,זְרֻבָּבֶל,H2216,21
304145,304146,Aggée,1,1,בֶּן־,בֵּן,H1121,4937
304146,304147,Aggée,1,1,שְׁאַלְתִּיאֵל֙ ,שְׁאַלְתִּיאֵל,H7597,9
304147,304148,Aggée,1,1,פַּחַ֣ת ,פֶּחָה,H6346,28
304148,304149,Aggée,1,1,יְהוּדָ֔ה ,יְהוּדָה,H3063,819
304149,304150,Aggée,1,1,וְ,וְ,H9000,50272
304150,304151,Aggée,1,1,אֶל־,אֶל,H413,5517
304151,304152,Aggée,1,1,יְהֹושֻׁ֧עַ ,יְהֹושֻׁעַ,H3091,218
304152,304153,Aggée,1,1,בֶּן־,בֵּן,H1121,4937
304153,304154,Aggée,1,1,יְהֹוצָדָ֛ק ,יְהֹוצָדָק,H3087,8
304154,304155,Aggée,1,1,הַ,הַ,H9009,30386
304155,304156,Aggée,1,1,כֹּהֵ֥ן ,כֹּהֵן,H3548,750
304156,304157,Aggée,1,1,הַ,הַ,H9009,30386
304157,304158,Aggée,1,1,גָּדֹ֖ול ,גָּדֹול,H1419,526
304158,304159,Aggée,1,1,לֵ,לְ,H9005,20069
304159,304160,Aggée,1,1,אמֹֽר׃ ,אמר,H559,5307
304160,304161,Aggée,1,2,כֹּ֥ה ,כֹּה,H3541,577
304161,304162,Aggée,1,2,אָמַ֛ר ,אמר,H559,5307
304162,304163,Aggée,1,2,יְהוָ֥ה ,יְהוָה,H3068,6828
304163,304164,Aggée,1,2,צְבָאֹ֖ות ,צָבָא,H6635,486
304164,304165,Aggée,1,2,לֵ,לְ,H9005,20069
304165,304166,Aggée,1,2,אמֹ֑ר ,אמר,H559,5307
304166,304167,Aggée,1,2,הָ,הַ,H9009,30386
304167,304168,Aggée,1,2,עָ֤ם ,עַם,H5971,1866
304168,304169,Aggée,1,2,הַ,הַ,H9009,30386
304169,304170,Aggée,1,2,זֶּה֙ ,זֶה,H2088,1177
304170,304171,Aggée,1,2,אָֽמְר֔וּ ,אמר,H559,5307
304171,304172,Aggée,1,2,לֹ֥א ,לֹא,H3808,5167
304172,304173,Aggée,1,2,עֶת־,עֵת,H6256,297
304173,304174,Aggée,1,2,בֹּ֛א ,בוא,H935,2570
304174,304175,Aggée,1,2,עֶת־,עֵת,H6256,297
304175,304176,Aggée,1,2,בֵּ֥ית ,בַּיִת,H1004,2063
304176,304177,Aggée,1,2,יְהוָ֖ה ,יְהוָה,H3068,6828
304177,304178,Aggée,1,2,לְ,לְ,H9005,20069
304178,304179,Aggée,1,2,הִבָּנֹֽות׃ פ ,בנה,H1129,376
304179,304180,Aggée,1,3,וַֽ,וְ,H9000,50272
304180,304181,Aggée,1,3,יְהִי֙ ,היה,H1961,3561
304181,304182,Aggée,1,3,דְּבַר־,דָּבָר,H1697,1441
304182,304183,Aggée,1,3,יְהוָ֔ה ,יְהוָה,H3068,6828
304183,304184,Aggée,1,3,בְּ,בְּ,H9003,15542
304184,304185,Aggée,1,3,יַד־,יָד,H3027,1618
304185,304186,Aggée,1,3,חַגַּ֥י ,חַגַּי,H2292,9
304186,304187,Aggée,1,3,הַ,הַ,H9009,30386
304187,304188,Aggée,1,3,נָּבִ֖יא ,נָבִיא,H5030,315
304188,304189,Aggée,1,3,לֵ,לְ,H9005,20069
304189,304190,Aggée,1,3,אמֹֽר׃ ,אמר,H559,5307
304190,304191,Aggée,1,4,הַ,הֲ,H9008,743
304191,304192,Aggée,1,4,עֵ֤ת ,עֵת,H6256,297
304192,304193,Aggée,1,4,לָכֶם֙ ,לְ,H9005,20069
304193,304194,Aggée,1,4,אַתֶּ֔ם ,אַתֶּם,H859,283
304194,304195,Aggée,1,4,לָ,לְ,H9005,20069
304195,304196,Aggée,1,4,שֶׁ֖בֶת ,ישׁב,H3427,1082
304196,304197,Aggée,1,4,בְּ,בְּ,H9003,15542
304197,304198,Aggée,1,4,בָתֵּיכֶ֣ם ,בַּיִת,H1004,2063
304198,304199,Aggée,1,4,סְפוּנִ֑ים ,ספן,H5603,6
304199,304200,Aggée,1,4,וְ,וְ,H9000,50272
304200,304201,Aggée,1,4,הַ,הַ,H9009,30386
304201,304202,Aggée,1,4,בַּ֥יִת ,בַּיִת,H1004,2063
304202,304203,Aggée,1,4,הַ,הַ,H9009,30386
304203,304204,Aggée,1,4,זֶּ֖ה ,זֶה,H2088,1177
304204,304205,Aggée,1,4,חָרֵֽב׃ ,חָרֵב,H2720,10
304205,304206,Aggée,1,5,וְ,וְ,H9000,50272
304206,304207,Aggée,1,5,עַתָּ֕ה ,עַתָּה,H6258,433
304207,304208,Aggée,1,5,כֹּ֥ה ,כֹּה,H3541,577
304208,304209,Aggée,1,5,אָמַ֖ר ,אמר,H559,5307
304209,304210,Aggée,1,5,יְהוָ֣ה ,יְהוָה,H3068,6828
304210,304211,Aggée,1,5,צְבָאֹ֑ות ,צָבָא,H6635,486
304211,304212,Aggée,1,5,שִׂ֥ימוּ ,שׂים,H7760,583
304212,304213,Aggée,1,5,לְבַבְכֶ֖ם ,לֵבָב,H3824,252
304213,304214,Aggée,1,5,עַל־,עַל,H5921,5766
304214,304215,Aggée,1,5,דַּרְכֵיכֶֽם׃ ,דֶּרֶךְ,H1870,706
304215,304216,Aggée,1,6,זְרַעְתֶּ֨ם ,זרע,H2232,56
304216,304217,Aggée,1,6,הַרְבֵּ֜ה ,רבה,H7235,224
304217,304218,Aggée,1,6,וְ,וְ,H9000,50272
304218,304219,Aggée,1,6,הָבֵ֣א ,בוא,H935,2570
304219,304220,Aggée,1,6,מְעָ֗ט ,מְעַט,H4592,101
304220,304221,Aggée,1,6,אָכֹ֤ול ,אכל,H398,810
304221,304222,Aggée,1,6,וְ,וְ,H9000,50272
304222,304223,Aggée,1,6,אֵין־,אַיִן,H369,788
304223,304224,Aggée,1,6,לְ,לְ,H9005,20069
304224,304225,Aggée,1,6,שָׂבְעָה֙ ,שִׂבְעָה,H7654,6
304225,304226,Aggée,1,6,שָׁתֹ֣ו ,שׁתה,H8354,217
304226,304227,Aggée,1,6,וְ,וְ,H9000,50272
304227,304228,Aggée,1,6,אֵין־,אַיִן,H369,788
304228,304229,Aggée,1,6,לְ,לְ,H9005,20069
304229,304230,Aggée,1,6,שָׁכְרָ֔ה ,שׁכר,H7937,18
304230,304231,Aggée,1,6,לָבֹ֖ושׁ ,לבשׁ,H3847,97
304231,304232,Aggée,1,6,וְ,וְ,H9000,50272
304232,304233,Aggée,1,6,אֵין־,אַיִן,H369,788
304233,304234,Aggée,1,6,לְ,לְ,H9005,20069
304234,304235,Aggée,1,6,חֹ֣ם ,חמם,H2527,27
304235,304236,Aggée,1,6,לֹ֑ו ,לְ,H9005,20069
304236,304237,Aggée,1,6,וְ,וְ,H9000,50272
304237,304238,Aggée,1,6,הַ֨,הַ,H9009,30386
304238,304239,Aggée,1,6,מִּשְׂתַּכֵּ֔ר ,שׂכר,H7936,20
304239,304240,Aggée,1,6,מִשְׂתַּכֵּ֖ר ,שׂכר,H7936,20
304240,304241,Aggée,1,6,אֶל־,אֶל,H413,5517
304241,304242,Aggée,1,6,צְרֹ֥ור ,צְרֹור,H6872,7
304242,304243,Aggée,1,6,נָקֽוּב׃ פ ,נקב,H5344,19
304243,304244,Aggée,1,7,כֹּ֥ה ,כֹּה,H3541,577
304244,304245,Aggée,1,7,אָמַ֖ר ,אמר,H559,5307
304245,304246,Aggée,1,7,יְהוָ֣ה ,יְהוָה,H3068,6828
304246,304247,Aggée,1,7,צְבָאֹ֑ות ,צָבָא,H6635,486
304247,304248,Aggée,1,7,שִׂ֥ימוּ ,שׂים,H7760,583
304248,304249,Aggée,1,7,לְבַבְכֶ֖ם ,לֵבָב,H3824,252
304249,304250,Aggée,1,7,עַל־,עַל,H5921,5766
304250,304251,Aggée,1,7,דַּרְכֵיכֶֽם׃ ,דֶּרֶךְ,H1870,706
304251,304252,Aggée,1,8,עֲל֥וּ ,עלה,H5927,890
304252,304253,Aggée,1,8,הָ,הַ,H9009,30386
304253,304254,Aggée,1,8,הָ֛ר ,הַר,H2022,558
304254,304255,Aggée,1,8,וַ,וְ,H9000,50272
304255,304256,Aggée,1,8,הֲבֵאתֶ֥ם ,בוא,H935,2570
304256,304257,Aggée,1,8,עֵ֖ץ ,עֵץ,H6086,330
304257,304258,Aggée,1,8,וּ,וְ,H9000,50272
304258,304259,Aggée,1,8,בְנ֣וּ ,בנה,H1129,376
304259,304260,Aggée,1,8,הַ,הַ,H9009,30386
304260,304261,Aggée,1,8,בָּ֑יִת ,בַּיִת,H1004,2063
304261,304262,Aggée,1,8,וְ,וְ,H9000,50272
304262,304263,Aggée,1,8,אֶרְצֶה־,רצה,H7521,49
304263,304264,Aggée,1,8,בֹּ֥ו ,בְּ,H9003,15542
304264,304265,Aggée,1,8,<QR>וְ<qr>,וְ,H9000,50272
304265,304266,Aggée,1,8,<QR>אֶכָּבְדָ֖ה <qr>,כבד,H3513,113
304266,304267,Aggée,1,8,אָמַ֥ר ,אמר,H559,5307
304267,304268,Aggée,1,8,יְהוָֽה׃ ,יְהוָה,H3068,6828
304268,304269,Aggée,1,9,פָּנֹ֤ה ,פנה,H6437,135
304269,304270,Aggée,1,9,אֶל־,אֶל,H413,5517
304270,304271,Aggée,1,9,הַרְבֵּה֙ ,רבה,H7235,224
304271,304272,Aggée,1,9,וְ,וְ,H9000,50272
304272,304273,Aggée,1,9,הִנֵּ֣ה ,הִנֵּה,H2009,1060
304273,304274,Aggée,1,9,לִ,לְ,H9005,20069
304274,304275,Aggée,1,9,מְעָ֔ט ,מְעַט,H4592,101
304275,304276,Aggée,1,9,וַ,וְ,H9000,50272
304276,304277,Aggée,1,9,הֲבֵאתֶ֥ם ,בוא,H935,2570
304277,304278,Aggée,1,9,הַ,הַ,H9009,30386
304278,304279,Aggée,1,9,בַּ֖יִת ,בַּיִת,H1004,2063
304279,304280,Aggée,1,9,וְ,וְ,H9000,50272
304280,304281,Aggée,1,9,נָפַ֣חְתִּי ,נפח,H5301,12
304281,304282,Aggée,1,9,בֹ֑ו ,בְּ,H9003,15542
304282,304283,Aggée,1,9,יַ֣עַן ,יַעַן,H3282,100
304283,304284,Aggée,1,9,מֶ֗ה ,מָה,H4100,573
304284,304285,Aggée,1,9,נְאֻם֙ ,נְאֻם,H5002,376
304285,304286,Aggée,1,9,יְהוָ֣ה ,יְהוָה,H3068,6828
304286,304287,Aggée,1,9,צְבָאֹ֔ות ,צָבָא,H6635,486
304287,304288,Aggée,1,9,יַ֗עַן ,יַעַן,H3282,100
304288,304289,Aggée,1,9,בֵּיתִי֙ ,בַּיִת,H1004,2063
304289,304290,Aggée,1,9,אֲשֶׁר־,אֲשֶׁר,H834,5500
304290,304291,Aggée,1,9,ה֣וּא ,הוּא,H1931,1394
304291,304292,Aggée,1,9,חָרֵ֔ב ,חָרֵב,H2720,10
304292,304293,Aggée,1,9,וְ,וְ,H9000,50272
304293,304294,Aggée,1,9,אַתֶּ֥ם ,אַתֶּם,H859,283
304294,304295,Aggée,1,9,רָצִ֖ים ,רוץ,H7323,104
304295,304296,Aggée,1,9,אִ֥ישׁ ,אִישׁ,H376,2186
304296,304297,Aggée,1,9,לְ,לְ,H9005,20069
304297,304298,Aggée,1,9,בֵיתֹֽו׃ ,בַּיִת,H1004,2063
304298,304299,Aggée,1,10,עַל־,עַל,H5921,5766
304299,304300,Aggée,1,10,כֵּ֣ן ,כֵּן,H3651,546
304300,304301,Aggée,1,10,עֲלֵיכֶ֔ם ,עַל,H5921,5766
304301,304302,Aggée,1,10,כָּלְא֥וּ ,כלא,H3607,17
304302,304303,Aggée,1,10,שָׁמַ֖יִם ,שָׁמַיִם,H8064,421
304303,304304,Aggée,1,10,מִ,מִן,H4480,7562
304304,304305,Aggée,1,10,טָּ֑ל ,טַל,H2919,31
304305,304306,Aggée,1,10,וְ,וְ,H9000,50272
304306,304307,Aggée,1,10,הָ,הַ,H9009,30386
304307,304308,Aggée,1,10,אָ֖רֶץ ,אֶרֶץ,H776,2504
304308,304309,Aggée,1,10,כָּלְאָ֥ה ,כלא,H3607,17
304309,304310,Aggée,1,10,יְבוּלָֽהּ׃ ,יְבוּל,H2981,13
304310,304311,Aggée,1,11,וָ,וְ,H9000,50272
304311,304312,Aggée,1,11,אֶקְרָ֨א ,קרא,H7121,732
304312,304313,Aggée,1,11,חֹ֜רֶב ,חֹרֶב,H2721,16
304313,304314,Aggée,1,11,עַל־,עַל,H5921,5766
304314,304315,Aggée,1,11,הָ,הַ,H9009,30386
304315,304316,Aggée,1,11,אָ֣רֶץ ,אֶרֶץ,H776,2504
304316,304317,Aggée,1,11,וְ,וְ,H9000,50272
304317,304318,Aggée,1,11,עַל־,עַל,H5921,5766
304318,304319,Aggée,1,11,הֶ,הַ,H9009,30386
304319,304320,Aggée,1,11,הָרִ֗ים ,הַר,H2022,558
304320,304321,Aggée,1,11,וְ,וְ,H9000,50272
304321,304322,Aggée,1,11,עַל־,עַל,H5921,5766
304322,304323,Aggée,1,11,הַ,הַ,H9009,30386
304323,304324,Aggée,1,11,דָּגָן֙ ,דָּגָן,H1715,40
304324,304325,Aggée,1,11,וְ,וְ,H9000,50272
304325,304326,Aggée,1,11,עַל־,עַל,H5921,5766
304326,304327,Aggée,1,11,הַ,הַ,H9009,30386
304327,304328,Aggée,1,11,תִּירֹ֣ושׁ ,תִּירֹושׁ,H8492,38
304328,304329,Aggée,1,11,וְ,וְ,H9000,50272
304329,304330,Aggée,1,11,עַל־,עַל,H5921,5766
304330,304331,Aggée,1,11,הַ,הַ,H9009,30386
304331,304332,Aggée,1,11,יִּצְהָ֔ר ,יִצְהָר,H3323,23
304332,304333,Aggée,1,11,וְ,וְ,H9000,50272
304333,304334,Aggée,1,11,עַ֛ל ,עַל,H5921,5766
304334,304335,Aggée,1,11,אֲשֶׁ֥ר ,אֲשֶׁר,H834,5500
304335,304336,Aggée,1,11,תֹּוצִ֖יא ,יצא,H3318,1068
304336,304337,Aggée,1,11,הָ,הַ,H9009,30386
304337,304338,Aggée,1,11,אֲדָמָ֑ה ,אֲדָמָה,H127,223
304338,304339,Aggée,1,11,וְ,וְ,H9000,50272
304339,304340,Aggée,1,11,עַל־,עַל,H5921,5766
304340,304341,Aggée,1,11,הָֽ,הַ,H9009,30386
304341,304342,Aggée,1,11,אָדָם֙ ,אָדָם,H120,553
304342,304343,Aggée,1,11,וְ,וְ,H9000,50272
304343,304344,Aggée,1,11,עַל־,עַל,H5921,5766
304344,304345,Aggée,1,11,הַ,הַ,H9009,30386
304345,304346,Aggée,1,11,בְּהֵמָ֔ה ,בְּהֵמָה,H929,190
304346,304347,Aggée,1,11,וְ,וְ,H9000,50272
304347,304348,Aggée,1,11,עַ֖ל ,עַל,H5921,5766
304348,304349,Aggée,1,11,כָּל־,כֹּל,H3605,5412
304349,304350,Aggée,1,11,יְגִ֥יעַ ,יְגִיעַ,H3018,16
304350,304351,Aggée,1,11,כַּפָּֽיִם׃ ס ,כַּף,H3709,192
304351,304352,Aggée,1,12,וַ,וְ,H9000,50272
304352,304353,Aggée,1,12,יִּשְׁמַ֣ע ,שׁמע,H8085,1159
304353,304354,Aggée,1,12,זְרֻבָּבֶ֣ל׀ ,זְרֻבָּבֶל,H2216,21
304354,304355,Aggée,1,12,בֶּֽן־,בֵּן,H1121,4937
304355,304356,Aggée,1,12,שַׁלְתִּיאֵ֡ל ,שְׁאַלְתִּיאֵל,H7597,9
304356,304357,Aggée,1,12,וִ,וְ,H9000,50272
304357,304358,Aggée,1,12,יהֹושֻׁ֣עַ ,יְהֹושֻׁעַ,H3091,218
304358,304359,Aggée,1,12,בֶּן־,בֵּן,H1121,4937
304359,304360,Aggée,1,12,יְהֹוצָדָק֩ ,יְהֹוצָדָק,H3087,8
304360,304361,Aggée,1,12,הַ,הַ,H9009,30386
304361,304362,Aggée,1,12,כֹּהֵ֨ן ,כֹּהֵן,H3548,750
304362,304363,Aggée,1,12,הַ,הַ,H9009,30386
304363,304364,Aggée,1,12,גָּדֹ֜ול ,גָּדֹול,H1419,526
304364,304365,Aggée,1,12,וְ,וְ,H9000,50272
304365,304366,Aggée,1,12,כֹ֣ל׀ ,כֹּל,H3605,5412
304366,304367,Aggée,1,12,שְׁאֵרִ֣ית ,שְׁאֵרִית,H7611,66
304367,304368,Aggée,1,12,הָ,הַ,H9009,30386
304368,304369,Aggée,1,12,עָ֗ם ,עַם,H5971,1866
304369,304370,Aggée,1,12,בְּ,בְּ,H9003,15542
304370,304371,Aggée,1,12,קֹול֙ ,קֹול,H6963,505
304371,304372,Aggée,1,12,יְהוָ֣ה ,יְהוָה,H3068,6828
304372,304373,Aggée,1,12,אֱלֹֽהֵיהֶ֔ם ,אֱלֹהִים,H430,2601
304373,304374,Aggée,1,12,וְ,וְ,H9000,50272
304374,304375,Aggée,1,12,עַל־,עַל,H5921,5766
304375,304376,Aggée,1,12,דִּבְרֵי֙ ,דָּבָר,H1697,1441
304376,304377,Aggée,1,12,חַגַּ֣י ,חַגַּי,H2292,9
304377,304378,Aggée,1,12,הַ,הַ,H9009,30386
304378,304379,Aggée,1,12,נָּבִ֔יא ,נָבִיא,H5030,315
304379,304380,Aggée,1,12,כַּ,כְּ,H9004,2902
304380,304381,Aggée,1,12,אֲשֶׁ֥ר ,אֲשֶׁר,H834,5500
304381,304382,Aggée,1,12,שְׁלָחֹ֖ו ,שׁלח,H7971,847
304382,304383,Aggée,1,12,יְהוָ֣ה ,יְהוָה,H3068,6828
304383,304384,Aggée,1,12,אֱלֹהֵיהֶ֑ם ,אֱלֹהִים,H430,2601
304384,304385,Aggée,1,12,וַ,וְ,H9000,50272
304385,304386,Aggée,1,12,יִּֽירְא֥וּ ,ירא,H3372,332
304386,304387,Aggée,1,12,הָ,הַ,H9009,30386
304387,304388,Aggée,1,12,עָ֖ם ,עַם,H5971,1866
304388,304389,Aggée,1,12,מִ,מִן,H4480,7562
304389,304390,Aggée,1,12,פְּנֵ֥י ,פָּנֶה,H6440,2127
304390,304391,Aggée,1,12,יְהוָֽה׃ ,יְהוָה,H3068,6828
304391,304392,Aggée,1,13,וַ֠,וְ,H9000,50272
304392,304393,Aggée,1,13,יֹּאמֶר ,אמר,H559,5307
304393,304394,Aggée,1,13,חַגַּ֞י ,חַגַּי,H2292,9
304394,304395,Aggée,1,13,מַלְאַ֧ךְ ,מַלְאָךְ,H4397,213
304395,304396,Aggée,1,13,יְהוָ֛ה ,יְהוָה,H3068,6828
304396,304397,Aggée,1,13,בְּ,בְּ,H9003,15542
304397,304398,Aggée,1,13,מַלְאֲכ֥וּת ,מַלְאָכוּת,H4400,1
304398,304399,Aggée,1,13,יְהוָ֖ה ,יְהוָה,H3068,6828
304399,304400,Aggée,1,13,לָ,לְ,H9005,20069
304400,304401,Aggée,1,13,,הַ,H9009,30386
304401,304402,Aggée,1,13,עָ֣ם ,עַם,H5971,1866
304402,304403,Aggée,1,13,לֵ,לְ,H9005,20069
304403,304404,Aggée,1,13,אמֹ֑ר ,אמר,H559,5307
304404,304405,Aggée,1,13,אֲנִ֥י ,אֲנִי,H589,874
304405,304406,Aggée,1,13,אִתְּכֶ֖ם ,אֵת,H854,878
304406,304407,Aggée,1,13,נְאֻם־,נְאֻם,H5002,376
304407,304408,Aggée,1,13,יְהוָֽה׃ ,יְהוָה,H3068,6828
304408,304409,Aggée,1,14,וַ,וְ,H9000,50272
304409,304410,Aggée,1,14,יָּ֣עַר ,עור,H5782,80
304410,304411,Aggée,1,14,יְהוָ֡ה ,יְהוָה,H3068,6828
304411,304412,Aggée,1,14,אֶת־,אֵת,H853,10987
304412,304413,Aggée,1,14,רוּחַ֩ ,רוּחַ,H7307,378
304413,304414,Aggée,1,14,זְרֻבָּבֶ֨ל ,זְרֻבָּבֶל,H2216,21
304414,304415,Aggée,1,14,בֶּן־,בֵּן,H1121,4937
304415,304416,Aggée,1,14,שַׁלְתִּיאֵ֜ל ,שְׁאַלְתִּיאֵל,H7597,9
304416,304417,Aggée,1,14,פַּחַ֣ת ,פֶּחָה,H6346,28
304417,304418,Aggée,1,14,יְהוּדָ֗ה ,יְהוּדָה,H3063,819
304418,304419,Aggée,1,14,וְ,וְ,H9000,50272
304419,304420,Aggée,1,14,אֶת־,אֵת,H853,10987
304420,304421,Aggée,1,14,ר֨וּחַ֙ ,רוּחַ,H7307,378
304421,304422,Aggée,1,14,יְהֹושֻׁ֤עַ ,יְהֹושֻׁעַ,H3091,218
304422,304423,Aggée,1,14,בֶּן־,בֵּן,H1121,4937
304423,304424,Aggée,1,14,יְהֹוצָדָק֙ ,יְהֹוצָדָק,H3087,8
304424,304425,Aggée,1,14,הַ,הַ,H9009,30386
304425,304426,Aggée,1,14,כֹּהֵ֣ן ,כֹּהֵן,H3548,750
304426,304427,Aggée,1,14,הַ,הַ,H9009,30386
304427,304428,Aggée,1,14,גָּדֹ֔ול ,גָּדֹול,H1419,526
304428,304429,Aggée,1,14,וְֽ,וְ,H9000,50272
304429,304430,Aggée,1,14,אֶת־,אֵת,H853,10987
304430,304431,Aggée,1,14,ר֔וּחַ ,רוּחַ,H7307,378
304431,304432,Aggée,1,14,כֹּ֖ל ,כֹּל,H3605,5412
304432,304433,Aggée,1,14,שְׁאֵרִ֣ית ,שְׁאֵרִית,H7611,66
304433,304434,Aggée,1,14,הָ,הַ,H9009,30386
304434,304435,Aggée,1,14,עָ֑ם ,עַם,H5971,1866
304435,304436,Aggée,1,14,וַ,וְ,H9000,50272
304436,304437,Aggée,1,14,יָּבֹ֨אוּ֙ ,בוא,H935,2570
304437,304438,Aggée,1,14,וַ,וְ,H9000,50272
304438,304439,Aggée,1,14,יַּעֲשׂ֣וּ ,עשׂה,H6213,2629
304439,304440,Aggée,1,14,מְלָאכָ֔ה ,מְלָאכָה,H4399,105
304440,304441,Aggée,1,14,בְּ,בְּ,H9003,15542
304441,304442,Aggée,1,14,בֵית־,בַּיִת,H1004,2063
304442,304443,Aggée,1,14,יְהוָ֥ה ,יְהוָה,H3068,6828
304443,304444,Aggée,1,14,צְבָאֹ֖ות ,צָבָא,H6635,486
304444,304445,Aggée,1,14,אֱלֹהֵיהֶֽם׃ פ ,אֱלֹהִים,H430,2601
304445,304446,Aggée,1,15,בְּ,בְּ,H9003,15542
304446,304447,Aggée,1,15,יֹ֨ום ,יֹום,H3117,2304
304447,304448,Aggée,1,15,עֶשְׂרִ֧ים ,עֶשְׂרִים,H6242,315
304448,304449,Aggée,1,15,וְ,וְ,H9000,50272
304449,304450,Aggée,1,15,אַרְבָּעָ֛ה ,אַרְבַּע,H702,454
304450,304451,Aggée,1,15,לַ,לְ,H9005,20069
304451,304452,Aggée,1,15,,הַ,H9009,30386
304452,304453,Aggée,1,15,חֹ֖דֶשׁ ,חֹדֶשׁ,H2320,284
304453,304454,Aggée,1,15,בַּ,בְּ,H9003,15542
304454,304455,Aggée,1,15,,הַ,H9009,30386
304455,304456,Aggée,1,15,שִּׁשִּׁ֑י ,שִׁשִּׁי,H8345,28
304456,304457,Aggée,1,15,בִּ,בְּ,H9003,15542
304457,304458,Aggée,1,15,שְׁנַ֥ת ,שָׁנָה,H8141,876
304458,304459,Aggée,1,15,שְׁתַּ֖יִם ,שְׁנַיִם,H8147,768
304459,304460,Aggée,1,15,לְ,לְ,H9005,20069
304460,304461,Aggée,1,15,דָרְיָ֥וֶשׁ ,דָּרְיָוֶשׁ,H1867,10
304461,304462,Aggée,1,15,הַ,הַ,H9009,30386
304462,304463,Aggée,1,15,מֶּֽלֶךְ׃ ,מֶלֶךְ,H4428,2523
304463,304464,Aggée,2,1,בַּ,בְּ,H9003,15542
304464,304465,Aggée,2,1,,הַ,H9009,30386
304465,304466,Aggée,2,1,שְּׁבִיעִ֕י ,שְׁבִיעִי,H7637,98
304466,304467,Aggée,2,1,בְּ,בְּ,H9003,15542
304467,304468,Aggée,2,1,עֶשְׂרִ֥ים ,עֶשְׂרִים,H6242,315
304468,304469,Aggée,2,1,וְ,וְ,H9000,50272
304469,304470,Aggée,2,1,אֶחָ֖ד ,אֶחָד,H259,970
304470,304471,Aggée,2,1,לַ,לְ,H9005,20069
304471,304472,Aggée,2,1,,הַ,H9009,30386
304472,304473,Aggée,2,1,חֹ֑דֶשׁ ,חֹדֶשׁ,H2320,284
304473,304474,Aggée,2,1,הָיָה֙ ,היה,H1961,3561
304474,304475,Aggée,2,1,דְּבַר־,דָּבָר,H1697,1441
304475,304476,Aggée,2,1,יְהוָ֔ה ,יְהוָה,H3068,6828
304476,304477,Aggée,2,1,בְּ,בְּ,H9003,15542
304477,304478,Aggée,2,1,יַד־,יָד,H3027,1618
304478,304479,Aggée,2,1,חַגַּ֥י ,חַגַּי,H2292,9
304479,304480,Aggée,2,1,הַ,הַ,H9009,30386
304480,304481,Aggée,2,1,נָּבִ֖יא ,נָבִיא,H5030,315
304481,304482,Aggée,2,1,לֵ,לְ,H9005,20069
304482,304483,Aggée,2,1,אמֹֽר׃ ,אמר,H559,5307
304483,304484,Aggée,2,2,אֱמָר־,אמר,H559,5307
304484,304485,Aggée,2,2,נָ֗א ,נָא,H4994,404
304485,304486,Aggée,2,2,אֶל־,אֶל,H413,5517
304486,304487,Aggée,2,2,זְרֻבָּבֶ֤ל ,זְרֻבָּבֶל,H2216,21
304487,304488,Aggée,2,2,בֶּן־,בֵּן,H1121,4937
304488,304489,Aggée,2,2,שַׁלְתִּיאֵל֙ ,שְׁאַלְתִּיאֵל,H7597,9
304489,304490,Aggée,2,2,פַּחַ֣ת ,פֶּחָה,H6346,28
304490,304491,Aggée,2,2,יְהוּדָ֔ה ,יְהוּדָה,H3063,819
304491,304492,Aggée,2,2,וְ,וְ,H9000,50272
304492,304493,Aggée,2,2,אֶל־,אֶל,H413,5517
304493,304494,Aggée,2,2,יְהֹושֻׁ֥עַ ,יְהֹושֻׁעַ,H3091,218
304494,304495,Aggée,2,2,בֶּן־,בֵּן,H1121,4937
304495,304496,Aggée,2,2,יְהֹוצָדָ֖ק ,יְהֹוצָדָק,H3087,8
304496,304497,Aggée,2,2,הַ,הַ,H9009,30386
304497,304498,Aggée,2,2,כֹּהֵ֣ן ,כֹּהֵן,H3548,750
304498,304499,Aggée,2,2,הַ,הַ,H9009,30386
304499,304500,Aggée,2,2,גָּדֹ֑ול ,גָּדֹול,H1419,526
304500,304501,Aggée,2,2,וְ,וְ,H9000,50272
304501,304502,Aggée,2,2,אֶל־,אֶל,H413,5517
304502,304503,Aggée,2,2,שְׁאֵרִ֥ית ,שְׁאֵרִית,H7611,66
304503,304504,Aggée,2,2,הָ,הַ,H9009,30386
304504,304505,Aggée,2,2,עָ֖ם ,עַם,H5971,1866
304505,304506,Aggée,2,2,לֵ,לְ,H9005,20069
304506,304507,Aggée,2,2,אמֹֽר׃ ,אמר,H559,5307
304507,304508,Aggée,2,3,מִ֤י ,מִי,H4310,423
304508,304509,Aggée,2,3,בָכֶם֙ ,בְּ,H9003,15542
304509,304510,Aggée,2,3,הַ,הַ,H9009,30386
304510,304511,Aggée,2,3,נִּשְׁאָ֔ר ,שׁאר,H7604,133
304511,304512,Aggée,2,3,אֲשֶׁ֤ר ,אֲשֶׁר,H834,5500
304512,304513,Aggée,2,3,רָאָה֙ ,ראה,H7200,1298
304513,304514,Aggée,2,3,אֶת־,אֵת,H853,10987
304514,304515,Aggée,2,3,הַ,הַ,H9009,30386
304515,304516,Aggée,2,3,בַּ֣יִת ,בַּיִת,H1004,2063
304516,304517,Aggée,2,3,הַ,הַ,H9009,30386
304517,304518,Aggée,2,3,זֶּ֔ה ,זֶה,H2088,1177
304518,304519,Aggée,2,3,בִּ,בְּ,H9003,15542
304519,304520,Aggée,2,3,כְבֹודֹ֖ו ,כָּבֹוד,H3519,200
304520,304521,Aggée,2,3,הָ,הַ,H9009,30386
304521,304522,Aggée,2,3,רִאשֹׁ֑ון ,רִאשֹׁון,H7223,182
304522,304523,Aggée,2,3,וּ,וְ,H9000,50272
304523,304524,Aggée,2,3,מָ֨ה ,מָה,H4100,573
304524,304525,Aggée,2,3,אַתֶּ֜ם ,אַתֶּם,H859,283
304525,304526,Aggée,2,3,רֹאִ֤ים ,ראה,H7200,1298
304526,304527,Aggée,2,3,אֹתֹו֙ ,אֵת,H853,10987
304527,304528,Aggée,2,3,עַ֔תָּה ,עַתָּה,H6258,433
304528,304529,Aggée,2,3,הֲ,הֲ,H9008,743
304529,304530,Aggée,2,3,לֹ֥וא ,לֹא,H3808,5167
304530,304531,Aggée,2,3,כָמֹ֛הוּ ,כְּמֹו,H3644,142
304531,304532,Aggée,2,3,כְּ,כְּ,H9004,2902
304532,304533,Aggée,2,3,אַ֖יִן ,אַיִן,H369,788
304533,304534,Aggée,2,3,בְּ,בְּ,H9003,15542
304534,304535,Aggée,2,3,עֵינֵיכֶֽם׃ ,עַיִן,H5869,887
304535,304536,Aggée,2,4,וְ,וְ,H9000,50272
304536,304537,Aggée,2,4,עַתָּ֣ה ,עַתָּה,H6258,433
304537,304538,Aggée,2,4,חֲזַ֣ק ,חזק,H2388,290
304538,304539,Aggée,2,4,זְרֻבָּבֶ֣ל׀ ,זְרֻבָּבֶל,H2216,21
304539,304540,Aggée,2,4,נְאֻם־,נְאֻם,H5002,376
304540,304541,Aggée,2,4,יְהוָ֡ה ,יְהוָה,H3068,6828
304541,304542,Aggée,2,4,וַ,וְ,H9000,50272
304542,304543,Aggée,2,4,חֲזַ֣ק ,חזק,H2388,290
304543,304544,Aggée,2,4,יְהֹושֻׁ֣עַ ,יְהֹושֻׁעַ,H3091,218
304544,304545,Aggée,2,4,בֶּן־,בֵּן,H1121,4937
304545,304546,Aggée,2,4,יְהֹוצָדָק֩ ,יְהֹוצָדָק,H3087,8
304546,304547,Aggée,2,4,הַ,הַ,H9009,30386
304547,304548,Aggée,2,4,כֹּהֵ֨ן ,כֹּהֵן,H3548,750
304548,304549,Aggée,2,4,הַ,הַ,H9009,30386
304549,304550,Aggée,2,4,גָּדֹ֜ול ,גָּדֹול,H1419,526
304550,304551,Aggée,2,4,וַ,וְ,H9000,50272
304551,304552,Aggée,2,4,חֲזַ֨ק ,חזק,H2388,290
304552,304553,Aggée,2,4,כָּל־,כֹּל,H3605,5412
304553,304554,Aggée,2,4,עַ֥ם ,עַם,H5971,1866
304554,304555,Aggée,2,4,הָ,הַ,H9009,30386
304555,304556,Aggée,2,4,אָ֛רֶץ ,אֶרֶץ,H776,2504
304556,304557,Aggée,2,4,נְאֻם־,נְאֻם,H5002,376
304557,304558,Aggée,2,4,יְהוָ֖ה ,יְהוָה,H3068,6828
304558,304559,Aggée,2,4,וַֽ,וְ,H9000,50272
304559,304560,Aggée,2,4,עֲשׂ֑וּ ,עשׂה,H6213,2629
304560,304561,Aggée,2,4,כִּֽי־,כִּי,H3588,4483
304561,304562,Aggée,2,4,אֲנִ֣י ,אֲנִי,H589,874
304562,304563,Aggée,2,4,אִתְּכֶ֔ם ,אֵת,H854,878
304563,304564,Aggée,2,4,נְאֻ֖ם ,נְאֻם,H5002,376
304564,304565,Aggée,2,4,יְהוָ֥ה ,יְהוָה,H3068,6828
304565,304566,Aggée,2,4,צְבָאֹֽות׃ ,צָבָא,H6635,486
304566,304567,Aggée,2,5,אֶֽת־,אֵת,H853,10987
304567,304568,Aggée,2,5,הַ,הַ,H9009,30386
304568,304569,Aggée,2,5,דָּבָ֞ר ,דָּבָר,H1697,1441
304569,304570,Aggée,2,5,אֲשֶׁר־,אֲשֶׁר,H834,5500
304570,304571,Aggée,2,5,כָּרַ֤תִּי ,כרת,H3772,288
304571,304572,Aggée,2,5,אִתְּכֶם֙ ,אֵת,H854,878
304572,304573,Aggée,2,5,בְּ,בְּ,H9003,15542
304573,304574,Aggée,2,5,צֵאתְכֶ֣ם ,יצא,H3318,1068
304574,304575,Aggée,2,5,מִ,מִן,H4480,7562
304575,304576,Aggée,2,5,מִּצְרַ֔יִם ,מִצְרַיִם,H4714,681
304576,304577,Aggée,2,5,וְ,וְ,H9000,50272
304577,304578,Aggée,2,5,רוּחִ֖י ,רוּחַ,H7307,378
304578,304579,Aggée,2,5,עֹמֶ֣דֶת ,עמד,H5975,521
304579,304580,Aggée,2,5,בְּ,בְּ,H9003,15542
304580,304581,Aggée,2,5,תֹוכְכֶ֑ם ,תָּוֶךְ,H8432,418
304581,304582,Aggée,2,5,אַל־,אַל,H408,726
304582,304583,Aggée,2,5,תִּירָֽאוּ׃ ס ,ירא,H3372,332
304583,304584,Aggée,2,6,כִּ֣י ,כִּי,H3588,4483
304584,304585,Aggée,2,6,כֹ֤ה ,כֹּה,H3541,577
304585,304586,Aggée,2,6,אָמַר֙ ,אמר,H559,5307
304586,304587,Aggée,2,6,יְהוָ֣ה ,יְהוָה,H3068,6828
304587,304588,Aggée,2,6,צְבָאֹ֔ות ,צָבָא,H6635,486
304588,304589,Aggée,2,6,עֹ֥וד ,עֹוד,H5750,490
304589,304590,Aggée,2,6,אַחַ֖ת ,אֶחָד,H259,970
304590,304591,Aggée,2,6,מְעַ֣ט ,מְעַט,H4592,101
304591,304592,Aggée,2,6,הִ֑יא ,הִיא,H1931,485
304592,304593,Aggée,2,6,וַ,וְ,H9000,50272
304593,304594,Aggée,2,6,אֲנִ֗י ,אֲנִי,H589,874
304594,304595,Aggée,2,6,מַרְעִישׁ֙ ,רעשׁ,H7493,29
304595,304596,Aggée,2,6,אֶת־,אֵת,H853,10987
304596,304597,Aggée,2,6,הַ,הַ,H9009,30386
304597,304598,Aggée,2,6,שָּׁמַ֣יִם ,שָׁמַיִם,H8064,421
304598,304599,Aggée,2,6,וְ,וְ,H9000,50272
304599,304600,Aggée,2,6,אֶת־,אֵת,H853,10987
304600,304601,Aggée,2,6,הָ,הַ,H9009,30386
304601,304602,Aggée,2,6,אָ֔רֶץ ,אֶרֶץ,H776,2504
304602,304603,Aggée,2,6,וְ,וְ,H9000,50272
304603,304604,Aggée,2,6,אֶת־,אֵת,H853,10987
304604,304605,Aggée,2,6,הַ,הַ,H9009,30386
304605,304606,Aggée,2,6,יָּ֖ם ,יָם,H3220,396
304606,304607,Aggée,2,6,וְ,וְ,H9000,50272
304607,304608,Aggée,2,6,אֶת־,אֵת,H853,10987
304608,304609,Aggée,2,6,הֶ,הַ,H9009,30386
304609,304610,Aggée,2,6,חָרָבָֽה׃ ,חָרָבָה,H2724,8
304610,304611,Aggée,2,7,וְ,וְ,H9000,50272
304611,304612,Aggée,2,7,הִרְעַשְׁתִּי֙ ,רעשׁ,H7493,29
304612,304613,Aggée,2,7,אֶת־,אֵת,H853,10987
304613,304614,Aggée,2,7,כָּל־,כֹּל,H3605,5412
304614,304615,Aggée,2,7,הַ,הַ,H9009,30386
304615,304616,Aggée,2,7,גֹּויִ֔ם ,גֹּוי,H1471,555
304616,304617,Aggée,2,7,וּ,וְ,H9000,50272
304617,304618,Aggée,2,7,בָ֖אוּ ,בוא,H935,2570
304618,304619,Aggée,2,7,חֶמְדַּ֣ת ,חֶמְדָּה,H2532,16
304619,304620,Aggée,2,7,כָּל־,כֹּל,H3605,5412
304620,304621,Aggée,2,7,הַ,הַ,H9009,30386
304621,304622,Aggée,2,7,גֹּויִ֑ם ,גֹּוי,H1471,555
304622,304623,Aggée,2,7,וּ,וְ,H9000,50272
304623,304624,Aggée,2,7,מִלֵּאתִ֞י ,מלא,H4390,292
304624,304625,Aggée,2,7,אֶת־,אֵת,H853,10987
304625,304626,Aggée,2,7,הַ,הַ,H9009,30386
304626,304627,Aggée,2,7,בַּ֤יִת ,בַּיִת,H1004,2063
304627,304628,Aggée,2,7,הַ,הַ,H9009,30386
304628,304629,Aggée,2,7,זֶּה֙ ,זֶה,H2088,1177
304629,304630,Aggée,2,7,כָּבֹ֔וד ,כָּבֹוד,H3519,200
304630,304631,Aggée,2,7,אָמַ֖ר ,אמר,H559,5307
304631,304632,Aggée,2,7,יְהוָ֥ה ,יְהוָה,H3068,6828
304632,304633,Aggée,2,7,צְבָאֹֽות׃ ,צָבָא,H6635,486
304633,304634,Aggée,2,8,לִ֥י ,לְ,H9005,20069
304634,304635,Aggée,2,8,הַ,הַ,H9009,30386
304635,304636,Aggée,2,8,כֶּ֖סֶף ,כֶּסֶף,H3701,403
304636,304637,Aggée,2,8,וְ,וְ,H9000,50272
304637,304638,Aggée,2,8,לִ֣י ,לְ,H9005,20069
304638,304639,Aggée,2,8,הַ,הַ,H9009,30386
304639,304640,Aggée,2,8,זָּהָ֑ב ,זָהָב,H2091,389
304640,304641,Aggée,2,8,נְאֻ֖ם ,נְאֻם,H5002,376
304641,304642,Aggée,2,8,יְהוָ֥ה ,יְהוָה,H3068,6828
304642,304643,Aggée,2,8,צְבָאֹֽות׃ ,צָבָא,H6635,486
304643,304644,Aggée,2,9,גָּדֹ֣ול ,גָּדֹול,H1419,526
304644,304645,Aggée,2,9,יִֽהְיֶ֡ה ,היה,H1961,3561
304645,304646,Aggée,2,9,כְּבֹוד֩ ,כָּבֹוד,H3519,200
304646,304647,Aggée,2,9,הַ,הַ,H9009,30386
304647,304648,Aggée,2,9,בַּ֨יִת ,בַּיִת,H1004,2063
304648,304649,Aggée,2,9,הַ,הַ,H9009,30386
304649,304650,Aggée,2,9,זֶּ֤ה ,זֶה,H2088,1177
304650,304651,Aggée,2,9,הָ,הַ,H9009,30386
304651,304652,Aggée,2,9,אַֽחֲרֹון֙ ,אַחֲרֹון,H314,51
304652,304653,Aggée,2,9,מִן־,מִן,H4480,7562
304653,304654,Aggée,2,9,הָ֣,הַ,H9009,30386
304654,304655,Aggée,2,9,רִאשֹׁ֔ון ,רִאשֹׁון,H7223,182
304655,304656,Aggée,2,9,אָמַ֖ר ,אמר,H559,5307
304656,304657,Aggée,2,9,יְהוָ֣ה ,יְהוָה,H3068,6828
304657,304658,Aggée,2,9,צְבָאֹ֑ות ,צָבָא,H6635,486
304658,304659,Aggée,2,9,וּ,וְ,H9000,50272
304659,304660,Aggée,2,9,בַ,בְּ,H9003,15542
304660,304661,Aggée,2,9,,הַ,H9009,30386
304661,304662,Aggée,2,9,מָּקֹ֤ום ,מָקֹום,H4725,401
304662,304663,Aggée,2,9,הַ,הַ,H9009,30386
304663,304664,Aggée,2,9,זֶּה֙ ,זֶה,H2088,1177
304664,304665,Aggée,2,9,אֶתֵּ֣ן ,נתן,H5414,2010
304665,304666,Aggée,2,9,שָׁלֹ֔ום ,שָׁלֹום,H7965,237
304666,304667,Aggée,2,9,נְאֻ֖ם ,נְאֻם,H5002,376
304667,304668,Aggée,2,9,יְהוָ֥ה ,יְהוָה,H3068,6828
304668,304669,Aggée,2,9,צְבָאֹֽות׃ פ ,צָבָא,H6635,486
304669,304670,Aggée,2,10,בְּ,בְּ,H9003,15542
304670,304671,Aggée,2,10,עֶשְׂרִ֤ים ,עֶשְׂרִים,H6242,315
304671,304672,Aggée,2,10,וְ,וְ,H9000,50272
304672,304673,Aggée,2,10,אַרְבָּעָה֙ ,אַרְבַּע,H702,454
304673,304674,Aggée,2,10,לַ,לְ,H9005,20069
304674,304675,Aggée,2,10,,הַ,H9009,30386
304675,304676,Aggée,2,10,תְּשִׁיעִ֔י ,תְּשִׁיעִי,H8671,18
304676,304677,Aggée,2,10,בִּ,בְּ,H9003,15542
304677,304678,Aggée,2,10,שְׁנַ֥ת ,שָׁנָה,H8141,876
304678,304679,Aggée,2,10,שְׁתַּ֖יִם ,שְׁנַיִם,H8147,768
304679,304680,Aggée,2,10,לְ,לְ,H9005,20069
304680,304681,Aggée,2,10,דָרְיָ֑וֶשׁ ,דָּרְיָוֶשׁ,H1867,10
304681,304682,Aggée,2,10,הָיָה֙ ,היה,H1961,3561
304682,304683,Aggée,2,10,דְּבַר־,דָּבָר,H1697,1441
304683,304684,Aggée,2,10,יְהוָ֔ה ,יְהוָה,H3069,6828
304684,304685,Aggée,2,10,אֶל־,אֶל,H413,5517
304685,304686,Aggée,2,10,חַגַּ֥י ,חַגַּי,H2292,9
304686,304687,Aggée,2,10,הַ,הַ,H9009,30386
304687,304688,Aggée,2,10,נָּבִ֖יא ,נָבִיא,H5030,315
304688,304689,Aggée,2,10,לֵ,לְ,H9005,20069
304689,304690,Aggée,2,10,אמֹֽר׃ ,אמר,H559,5307
304690,304691,Aggée,2,11,כֹּ֥ה ,כֹּה,H3541,577
304691,304692,Aggée,2,11,אָמַ֖ר ,אמר,H559,5307
304692,304693,Aggée,2,11,יְהוָ֣ה ,יְהוָה,H3068,6828
304693,304694,Aggée,2,11,צְבָאֹ֑ות ,צָבָא,H6635,486
304694,304695,Aggée,2,11,שְׁאַל־,שׁאל,H7592,171
304695,304696,Aggée,2,11,נָ֧א ,נָא,H4994,404
304696,304697,Aggée,2,11,אֶת־,אֵת,H853,10987
304697,304698,Aggée,2,11,הַ,הַ,H9009,30386
304698,304699,Aggée,2,11,כֹּהֲנִ֛ים ,כֹּהֵן,H3548,750
304699,304700,Aggée,2,11,תֹּורָ֖ה ,תֹּורָה,H8451,220
304700,304701,Aggée,2,11,לֵ,לְ,H9005,20069
304701,304702,Aggée,2,11,אמֹֽר׃ ,אמר,H559,5307
304702,304703,Aggée,2,12,הֵ֣ן׀ ,הֵן,H2005,99
304703,304704,Aggée,2,12,יִשָּׂא־,נשׂא,H5375,653
304704,304705,Aggée,2,12,אִ֨ישׁ ,אִישׁ,H376,2186
304705,304706,Aggée,2,12,בְּשַׂר־,בָּשָׂר,H1320,270
304706,304707,Aggée,2,12,קֹ֜דֶשׁ ,קֹדֶשׁ,H6944,469
304707,304708,Aggée,2,12,בִּ,בְּ,H9003,15542
304708,304709,Aggée,2,12,כְנַ֣ף ,כָּנָף,H3671,109
304709,304710,Aggée,2,12,בִּגְדֹ֗ו ,בֶּגֶד,H899,215
304710,304711,Aggée,2,12,וְ,וְ,H9000,50272
304711,304712,Aggée,2,12,נָגַ֣ע ,נגע,H5060,150
304712,304713,Aggée,2,12,בִּ֠,בְּ,H9003,15542
304713,304714,Aggée,2,12,כְנָפֹו ,כָּנָף,H3671,109
304714,304715,Aggée,2,12,אֶל־,אֶל,H413,5517
304715,304716,Aggée,2,12,הַ,הַ,H9009,30386
304716,304717,Aggée,2,12,לֶּ֨חֶם ,לֶחֶם,H3899,298
304717,304718,Aggée,2,12,וְ,וְ,H9000,50272
304718,304719,Aggée,2,12,אֶל־,אֶל,H413,5517
304719,304720,Aggée,2,12,הַ,הַ,H9009,30386
304720,304721,Aggée,2,12,נָּזִ֜יד ,נָזִיד,H5138,6
304721,304722,Aggée,2,12,וְ,וְ,H9000,50272
304722,304723,Aggée,2,12,אֶל־,אֶל,H413,5517
304723,304724,Aggée,2,12,הַ,הַ,H9009,30386
304724,304725,Aggée,2,12,יַּ֧יִן ,יַיִן,H3196,141
304725,304726,Aggée,2,12,וְ,וְ,H9000,50272
304726,304727,Aggée,2,12,אֶל־,אֶל,H413,5517
304727,304728,Aggée,2,12,שֶׁ֛מֶן ,שֶׁמֶן,H8081,191
304728,304729,Aggée,2,12,וְ,וְ,H9000,50272
304729,304730,Aggée,2,12,אֶל־,אֶל,H413,5517
304730,304731,Aggée,2,12,כָּל־,כֹּל,H3605,5412
304731,304732,Aggée,2,12,מַאֲכָ֖ל ,מַאֲכָל,H3978,30
304732,304733,Aggée,2,12,הֲ,הֲ,H9008,743
304733,304734,Aggée,2,12,יִקְדָּ֑שׁ ,קדשׁ,H6942,171
304734,304735,Aggée,2,12,וַ,וְ,H9000,50272
304735,304736,Aggée,2,12,יַּעֲנ֧וּ ,ענה,H6030,316
304736,304737,Aggée,2,12,הַ,הַ,H9009,30386
304737,304738,Aggée,2,12,כֹּהֲנִ֛ים ,כֹּהֵן,H3548,750
304738,304739,Aggée,2,12,וַ,וְ,H9000,50272
304739,304740,Aggée,2,12,יֹּאמְר֖וּ ,אמר,H559,5307
304740,304741,Aggée,2,12,לֹֽא׃ ,לֹא,H3808,5167
304741,304742,Aggée,2,13,וַ,וְ,H9000,50272
304742,304743,Aggée,2,13,יֹּ֣אמֶר ,אמר,H559,5307
304743,304744,Aggée,2,13,חַגַּ֔י ,חַגַּי,H2292,9
304744,304745,Aggée,2,13,אִם־,אִם,H518,1068
304745,304746,Aggée,2,13,יִגַּ֧ע ,נגע,H5060,150
304746,304747,Aggée,2,13,טְמֵא־,טָמֵא,H2931,88
304747,304748,Aggée,2,13,נֶ֛פֶשׁ ,נֶפֶשׁ,H5315,754
304748,304749,Aggée,2,13,בְּ,בְּ,H9003,15542
304749,304750,Aggée,2,13,כָל־,כֹּל,H3605,5412
304750,304751,Aggée,2,13,אֵ֖לֶּה ,אֵלֶּה,H428,746
304751,304752,Aggée,2,13,הֲ,הֲ,H9008,743
304752,304753,Aggée,2,13,יִטְמָ֑א ,טמא,H2930,162
304753,304754,Aggée,2,13,וַ,וְ,H9000,50272
304754,304755,Aggée,2,13,יַּעֲנ֧וּ ,ענה,H6030,316
304755,304756,Aggée,2,13,הַ,הַ,H9009,30386
304756,304757,Aggée,2,13,כֹּהֲנִ֛ים ,כֹּהֵן,H3548,750
304757,304758,Aggée,2,13,וַ,וְ,H9000,50272
304758,304759,Aggée,2,13,יֹּאמְר֖וּ ,אמר,H559,5307
304759,304760,Aggée,2,13,יִטְמָֽא׃ ,טמא,H2930,162
304760,304761,Aggée,2,14,וַ,וְ,H9000,50272
304761,304762,Aggée,2,14,יַּ֨עַן ,ענה,H6030,316
304762,304763,Aggée,2,14,חַגַּ֜י ,חַגַּי,H2292,9
304763,304764,Aggée,2,14,וַ,וְ,H9000,50272
304764,304765,Aggée,2,14,יֹּ֗אמֶר ,אמר,H559,5307
304765,304766,Aggée,2,14,כֵּ֣ן ,כֵּן,H3651,546
304766,304767,Aggée,2,14,הָֽ,הַ,H9009,30386
304767,304768,Aggée,2,14,עָם־,עַם,H5971,1866
304768,304769,Aggée,2,14,הַ֠,הַ,H9009,30386
304769,304770,Aggée,2,14,זֶּה ,זֶה,H2088,1177
304770,304771,Aggée,2,14,וְ,וְ,H9000,50272
304771,304772,Aggée,2,14,כֵן־,כֵּן,H3651,546
304772,304773,Aggée,2,14,הַ,הַ,H9009,30386
304773,304774,Aggée,2,14,גֹּ֨וי ,גֹּוי,H1471,555
304774,304775,Aggée,2,14,הַ,הַ,H9009,30386
304775,304776,Aggée,2,14,זֶּ֤ה ,זֶה,H2088,1177
304776,304777,Aggée,2,14,לְ,לְ,H9005,20069
304777,304778,Aggée,2,14,פָנַי֙ ,פָּנֶה,H6440,2127
304778,304779,Aggée,2,14,נְאֻם־,נְאֻם,H5002,376
304779,304780,Aggée,2,14,יְהוָ֔ה ,יְהוָה,H3068,6828
304780,304781,Aggée,2,14,וְ,וְ,H9000,50272
304781,304782,Aggée,2,14,כֵ֖ן ,כֵּן,H3651,546
304782,304783,Aggée,2,14,כָּל־,כֹּל,H3605,5412
304783,304784,Aggée,2,14,מַעֲשֵׂ֣ה ,מַעֲשֶׂה,H4639,235
304784,304785,Aggée,2,14,יְדֵיהֶ֑ם ,יָד,H3027,1618
304785,304786,Aggée,2,14,וַ,וְ,H9000,50272
304786,304787,Aggée,2,14,אֲשֶׁ֥ר ,אֲשֶׁר,H834,5500
304787,304788,Aggée,2,14,יַקְרִ֛יבוּ ,קרב,H7126,281
304788,304789,Aggée,2,14,שָׁ֖ם ,שָׁם,H8033,834
304789,304790,Aggée,2,14,טָמֵ֥א ,טָמֵא,H2931,88
304790,304791,Aggée,2,14,הֽוּא׃ ,הוּא,H1931,1394
304791,304792,Aggée,2,15,וְ,וְ,H9000,50272
304792,304793,Aggée,2,15,עַתָּה֙ ,עַתָּה,H6258,433
304793,304794,Aggée,2,15,שִֽׂימוּ־,שׂים,H7760,583
304794,304795,Aggée,2,15,נָ֣א ,נָא,H4994,404
304795,304796,Aggée,2,15,לְבַבְכֶ֔ם ,לֵבָב,H3824,252
304796,304797,Aggée,2,15,מִן־,מִן,H4480,7562
304797,304798,Aggée,2,15,הַ,הַ,H9009,30386
304798,304799,Aggée,2,15,יֹּ֥ום ,יֹום,H3117,2304
304799,304800,Aggée,2,15,הַ,הַ,H9009,30386
304800,304801,Aggée,2,15,זֶּ֖ה ,זֶה,H2088,1177
304801,304802,Aggée,2,15,וָ,וְ,H9000,50272
304802,304803,Aggée,2,15,מָ֑עְלָה ,מַעַל,H4605,140
304803,304804,Aggée,2,15,מִ,מִן,H4480,7562
304804,304805,Aggée,2,15,טֶּ֧רֶם ,טֶרֶם,H2962,56
304805,304806,Aggée,2,15,שֽׂוּם־,שׂים,H7760,583
304806,304807,Aggée,2,15,אֶ֛בֶן ,אֶבֶן,H68,273
304807,304808,Aggée,2,15,אֶל־,אֶל,H413,5517
304808,304809,Aggée,2,15,אֶ֖בֶן ,אֶבֶן,H68,273
304809,304810,Aggée,2,15,בְּ,בְּ,H9003,15542
304810,304811,Aggée,2,15,הֵיכַ֥ל ,הֵיכָל,H1964,80
304811,304812,Aggée,2,15,יְהוָֽה׃ ,יְהוָה,H3068,6828
304812,304813,Aggée,2,16,מִֽ,מִן,H4480,7562
304813,304814,Aggée,2,16,הְיֹותָ֥ם ,היה,H1961,3561
304814,304815,Aggée,2,16,בָּא֙ ,בוא,H935,2570
304815,304816,Aggée,2,16,אֶל־,אֶל,H413,5517
304816,304817,Aggée,2,16,עֲרֵמַ֣ת ,עֲרֵמָה,H6194,11
304817,304818,Aggée,2,16,עֶשְׂרִ֔ים ,עֶשְׂרִים,H6242,315
304818,304819,Aggée,2,16,וְ,וְ,H9000,50272
304819,304820,Aggée,2,16,הָיְתָ֖ה ,היה,H1961,3561
304820,304821,Aggée,2,16,עֲשָׂרָ֑ה ,עֲשָׂרָה,H6235,120
304821,304822,Aggée,2,16,בָּ֣א ,בוא,H935,2570
304822,304823,Aggée,2,16,אֶל־,אֶל,H413,5517
304823,304824,Aggée,2,16,הַ,הַ,H9009,30386
304824,304825,Aggée,2,16,יֶּ֗קֶב ,יֶקֶב,H3342,16
304825,304826,Aggée,2,16,לַ,לְ,H9005,20069
304826,304827,Aggée,2,16,חְשֹׂף֙ ,חשׂף,H2834,9
304827,304828,Aggée,2,16,חֲמִשִּׁ֣ים ,חָמֵשׁ,H2572,506
304828,304829,Aggée,2,16,פּוּרָ֔ה ,פּוּרָה,H6333,2
304829,304830,Aggée,2,16,וְ,וְ,H9000,50272
304830,304831,Aggée,2,16,הָיְתָ֖ה ,היה,H1961,3561
304831,304832,Aggée,2,16,עֶשְׂרִֽים׃ ,עֶשְׂרִים,H6242,315
304832,304833,Aggée,2,17,הִכֵּ֨יתִי ,נכה,H5221,500
304833,304834,Aggée,2,17,אֶתְכֶ֜ם ,אֵת,H853,10987
304834,304835,Aggée,2,17,בַּ,בְּ,H9003,15542
304835,304836,Aggée,2,17,,הַ,H9009,30386
304836,304837,Aggée,2,17,שִּׁדָּפֹ֤ון ,שִׁדָּפֹון,H7711,5
304837,304838,Aggée,2,17,וּ,וְ,H9000,50272
304838,304839,Aggée,2,17,בַ,בְּ,H9003,15542
304839,304840,Aggée,2,17,,הַ,H9009,30386
304840,304841,Aggée,2,17,יֵּֽרָקֹון֙ ,יֵרָקֹון,H3420,6
304841,304842,Aggée,2,17,וּ,וְ,H9000,50272
304842,304843,Aggée,2,17,בַ,בְּ,H9003,15542
304843,304844,Aggée,2,17,,הַ,H9009,30386
304844,304845,Aggée,2,17,בָּרָ֔ד ,בָּרָד,H1259,29
304845,304846,Aggée,2,17,אֵ֖ת ,אֵת,H853,10987
304846,304847,Aggée,2,17,כָּל־,כֹּל,H3605,5412
304847,304848,Aggée,2,17,מַעֲשֵׂ֣ה ,מַעֲשֶׂה,H4639,235
304848,304849,Aggée,2,17,יְדֵיכֶ֑ם ,יָד,H3027,1618
304849,304850,Aggée,2,17,וְ,וְ,H9000,50272
304850,304851,Aggée,2,17,אֵין־,אַיִן,H369,788
304851,304852,Aggée,2,17,אֶתְכֶ֥ם ,אֵת,H853,10987
304852,304853,Aggée,2,17,אֵלַ֖י ,אֶל,H413,5517
304853,304854,Aggée,2,17,נְאֻם־,נְאֻם,H5002,376
304854,304855,Aggée,2,17,יְהוָֽה׃ ,יְהוָה,H3068,6828
304855,304856,Aggée,2,18,שִׂימוּ־,שׂים,H7760,583
304856,304857,Aggée,2,18,נָ֣א ,נָא,H4994,404
304857,304858,Aggée,2,18,לְבַבְכֶ֔ם ,לֵבָב,H3824,252
304858,304859,Aggée,2,18,מִן־,מִן,H4480,7562
304859,304860,Aggée,2,18,הַ,הַ,H9009,30386
304860,304861,Aggée,2,18,יֹּ֥ום ,יֹום,H3117,2304
304861,304862,Aggée,2,18,הַ,הַ,H9009,30386
304862,304863,Aggée,2,18,זֶּ֖ה ,זֶה,H2088,1177
304863,304864,Aggée,2,18,וָ,וְ,H9000,50272
304864,304865,Aggée,2,18,מָ֑עְלָה ,מַעַל,H4605,140
304865,304866,Aggée,2,18,מִ,מִן,H4480,7562
304866,304867,Aggée,2,18,יֹּום֩ ,יֹום,H3117,2304
304867,304868,Aggée,2,18,עֶשְׂרִ֨ים ,עֶשְׂרִים,H6242,315
304868,304869,Aggée,2,18,וְ,וְ,H9000,50272
304869,304870,Aggée,2,18,אַרְבָּעָ֜ה ,אַרְבַּע,H702,454
304870,304871,Aggée,2,18,לַ,לְ,H9005,20069
304871,304872,Aggée,2,18,,הַ,H9009,30386
304872,304873,Aggée,2,18,תְּשִׁיעִ֗י ,תְּשִׁיעִי,H8671,18
304873,304874,Aggée,2,18,לְ,לְ,H9005,20069
304874,304875,Aggée,2,18,מִן־,מִן,H4480,7562
304875,304876,Aggée,2,18,הַ,הַ,H9009,30386
304876,304877,Aggée,2,18,יֹּ֛ום ,יֹום,H3117,2304
304877,304878,Aggée,2,18,אֲשֶׁר־,אֲשֶׁר,H834,5500
304878,304879,Aggée,2,18,יֻסַּ֥ד ,יסד,H3245,41
304879,304880,Aggée,2,18,הֵֽיכַל־,הֵיכָל,H1964,80
304880,304881,Aggée,2,18,יְהוָ֖ה ,יְהוָה,H3068,6828
304881,304882,Aggée,2,18,שִׂ֥ימוּ ,שׂים,H7760,583
304882,304883,Aggée,2,18,לְבַבְכֶֽם׃ ,לֵבָב,H3824,252
304883,304884,Aggée,2,19,הַ,הֲ,H9008,743
304884,304885,Aggée,2,19,עֹ֤וד ,עֹוד,H5750,490
304885,304886,Aggée,2,19,הַ,הַ,H9009,30386
304886,304887,Aggée,2,19,זֶּ֨רַע֙ ,זֶרַע,H2233,229
304887,304888,Aggée,2,19,בַּ,בְּ,H9003,15542
304888,304889,Aggée,2,19,,הַ,H9009,30386
304889,304890,Aggée,2,19,מְּגוּרָ֔ה ,מְגוּרָה,H4035,1
304890,304891,Aggée,2,19,וְ,וְ,H9000,50272
304891,304892,Aggée,2,19,עַד־,עַד,H5704,1263
304892,304893,Aggée,2,19,הַ,הַ,H9009,30386
304893,304894,Aggée,2,19,גֶּ֨פֶן ,גֶּפֶן,H1612,55
304894,304895,Aggée,2,19,וְ,וְ,H9000,50272
304895,304896,Aggée,2,19,הַ,הַ,H9009,30386
304896,304897,Aggée,2,19,תְּאֵנָ֧ה ,תְּאֵנָה,H8384,39
304897,304898,Aggée,2,19,וְ,וְ,H9000,50272
304898,304899,Aggée,2,19,הָ,הַ,H9009,30386
304899,304900,Aggée,2,19,רִמֹּ֛ון ,רִמֹּון,H7416,32
304900,304901,Aggée,2,19,וְ,וְ,H9000,50272
304901,304902,Aggée,2,19,עֵ֥ץ ,עֵץ,H6086,330
304902,304903,Aggée,2,19,הַ,הַ,H9009,30386
304903,304904,Aggée,2,19,זַּ֖יִת ,זַיִת,H2132,38
304904,304905,Aggée,2,19,לֹ֣א ,לֹא,H3808,5167
304905,304906,Aggée,2,19,נָשָׂ֑א ,נשׂא,H5375,653
304906,304907,Aggée,2,19,מִן־,מִן,H4480,7562
304907,304908,Aggée,2,19,הַ,הַ,H9009,30386
304908,304909,Aggée,2,19,יֹּ֥ום ,יֹום,H3117,2304
304909,304910,Aggée,2,19,הַ,הַ,H9009,30386
304910,304911,Aggée,2,19,זֶּ֖ה ,זֶה,H2088,1177
304911,304912,Aggée,2,19,אֲבָרֵֽךְ׃ ס ,ברך,H1288,327
304912,304913,Aggée,2,20,וַ,וְ,H9000,50272
304913,304914,Aggée,2,20,יְהִ֨י ,היה,H1961,3561
304914,304915,Aggée,2,20,דְבַר־,דָּבָר,H1697,1441
304915,304916,Aggée,2,20,יְהוָ֤ה׀ ,יְהוָה,H3068,6828
304916,304917,Aggée,2,20,שֵׁנִית֙ ,שֵׁנִי,H8145,156
304917,304918,Aggée,2,20,אֶל־,אֶל,H413,5517
304918,304919,Aggée,2,20,חַגַּ֔י ,חַגַּי,H2292,9
304919,304920,Aggée,2,20,בְּ,בְּ,H9003,15542
304920,304921,Aggée,2,20,עֶשְׂרִ֧ים ,עֶשְׂרִים,H6242,315
304921,304922,Aggée,2,20,וְ,וְ,H9000,50272
304922,304923,Aggée,2,20,אַרְבָּעָ֛ה ,אַרְבַּע,H702,454
304923,304924,Aggée,2,20,לַ,לְ,H9005,20069
304924,304925,Aggée,2,20,,הַ,H9009,30386
304925,304926,Aggée,2,20,חֹ֖דֶשׁ ,חֹדֶשׁ,H2320,284
304926,304927,Aggée,2,20,לֵ,לְ,H9005,20069
304927,304928,Aggée,2,20,אמֹֽר׃ ,אמר,H559,5307
304928,304929,Aggée,2,21,אֱמֹ֕ר ,אמר,H559,5307
304929,304930,Aggée,2,21,אֶל־,אֶל,H413,5517
304930,304931,Aggée,2,21,זְרֻבָּבֶ֥ל ,זְרֻבָּבֶל,H2216,21
304931,304932,Aggée,2,21,פַּֽחַת־,פֶּחָה,H6346,28
304932,304933,Aggée,2,21,יְהוּדָ֖ה ,יְהוּדָה,H3063,819
304933,304934,Aggée,2,21,לֵ,לְ,H9005,20069
304934,304935,Aggée,2,21,אמֹ֑ר ,אמר,H559,5307
304935,304936,Aggée,2,21,אֲנִ֣י ,אֲנִי,H589,874
304936,304937,Aggée,2,21,מַרְעִ֔ישׁ ,רעשׁ,H7493,29
304937,304938,Aggée,2,21,אֶת־,אֵת,H853,10987
304938,304939,Aggée,2,21,הַ,הַ,H9009,30386
304939,304940,Aggée,2,21,שָּׁמַ֖יִם ,שָׁמַיִם,H8064,421
304940,304941,Aggée,2,21,וְ,וְ,H9000,50272
304941,304942,Aggée,2,21,אֶת־,אֵת,H853,10987
304942,304943,Aggée,2,21,הָ,הַ,H9009,30386
304943,304944,Aggée,2,21,אָֽרֶץ׃ ,אֶרֶץ,H776,2504
304944,304945,Aggée,2,22,וְ,וְ,H9000,50272
304945,304946,Aggée,2,22,הָֽפַכְתִּי֙ ,הפך,H2015,94
304946,304947,Aggée,2,22,כִּסֵּ֣א ,כִּסֵּא,H3678,136
304947,304948,Aggée,2,22,מַמְלָכֹ֔ות ,מַמְלָכָה,H4467,93
304948,304949,Aggée,2,22,וְ,וְ,H9000,50272
304949,304950,Aggée,2,22,הִ֨שְׁמַדְתִּ֔י ,שׁמד,H8045,90
304950,304951,Aggée,2,22,חֹ֖זֶק ,חֹזֶק,H2392,5
304951,304952,Aggée,2,22,מַמְלְכֹ֣ות ,מַמְלָכָה,H4467,93
304952,304953,Aggée,2,22,הַ,הַ,H9009,30386
304953,304954,Aggée,2,22,גֹּויִ֑ם ,גֹּוי,H1471,555
304954,304955,Aggée,2,22,וְ,וְ,H9000,50272
304955,304956,Aggée,2,22,הָפַכְתִּ֤י ,הפך,H2015,94
304956,304957,Aggée,2,22,מֶרְכָּבָה֙ ,מֶרְכָּבָה,H4818,39
304957,304958,Aggée,2,22,וְ,וְ,H9000,50272
304958,304959,Aggée,2,22,רֹ֣כְבֶ֔יהָ ,רכב,H7392,78
304959,304960,Aggée,2,22,וְ,וְ,H9000,50272
304960,304961,Aggée,2,22,יָרְד֤וּ ,ירד,H3381,377
304961,304962,Aggée,2,22,סוּסִים֙ ,סוּס,H5483,138
304962,304963,Aggée,2,22,וְ,וְ,H9000,50272
304963,304964,Aggée,2,22,רֹ֣כְבֵיהֶ֔ם ,רכב,H7392,78
304964,304965,Aggée,2,22,אִ֖ישׁ ,אִישׁ,H376,2186
304965,304966,Aggée,2,22,בְּ,בְּ,H9003,15542
304966,304967,Aggée,2,22,חֶ֥רֶב ,חֶרֶב,H2719,412
304967,304968,Aggée,2,22,אָחִֽיו׃ ,אָח,H251,629
304968,304969,Aggée,2,23,בַּ,בְּ,H9003,15542
304969,304970,Aggée,2,23,,הַ,H9009,30386
304970,304971,Aggée,2,23,יֹּ֣ום ,יֹום,H3117,2304
304971,304972,Aggée,2,23,הַ,הַ,H9009,30386
304972,304973,Aggée,2,23,ה֣וּא ,הוּא,H1931,1394
304973,304974,Aggée,2,23,נְאֻם־,נְאֻם,H5002,376
304974,304975,Aggée,2,23,יְהוָ֣ה ,יְהוָה,H3068,6828
304975,304976,Aggée,2,23,צְבָאֹ֡ות ,צָבָא,H6635,486
304976,304977,Aggée,2,23,אֶ֠קָּחֲךָ ,לקח,H3947,965
304977,304978,Aggée,2,23,זְרֻבָּבֶ֨ל ,זְרֻבָּבֶל,H2216,21
304978,304979,Aggée,2,23,בֶּן־,בֵּן,H1121,4937
304979,304980,Aggée,2,23,שְׁאַלְתִּיאֵ֤ל ,שְׁאַלְתִּיאֵל,H7597,9
304980,304981,Aggée,2,23,עַבְדִּי֙ ,עֶבֶד,H5650,800
304981,304982,Aggée,2,23,נְאֻם־,נְאֻם,H5002,376
304982,304983,Aggée,2,23,יְהוָ֔ה ,יְהוָה,H3068,6828
304983,304984,Aggée,2,23,וְ,וְ,H9000,50272
304984,304985,Aggée,2,23,שַׂמְתִּ֖יךָ ,שׂים,H7760,583
304985,304986,Aggée,2,23,כַּֽ,כְּ,H9004,2902
304986,304987,Aggée,2,23,,הַ,H9009,30386
304987,304988,Aggée,2,23,חֹותָ֑ם ,חֹותָם,H2368,14
304988,304989,Aggée,2,23,כִּֽי־,כִּי,H3588,4483
304989,304990,Aggée,2,23,בְךָ֣ ,בְּ,H9003,15542
304990,304991,Aggée,2,23,בָחַ֔רְתִּי ,בחר,H977,169
304991,304992,Aggée,2,23,נְאֻ֖ם ,נְאֻם,H5002,376
304992,304993,Aggée,2,23,יְהוָ֥ה ,יְהוָה,H3068,6828
304993,304994,Aggée,2,23,צְבָאֹֽות׃ ,צָבָא,H6635,486
